,screen_name,sentiment_polarity,sentiment_subjectivity,subtweet_probability,time,tweet
21,cmands,0.425,0.7916666666666666,0.9695162295497529,2018-03-12 15:59:27,RT @DerickiDontCare: My favorite thing is when other queens just assume that I‚Äôll be dainty &amp; feminine because I‚Äôm AFAB and then when we‚Äôre‚Ä¶
465,evaanderson33,-0.625,0.625,0.9614303232777466,2018-03-13 02:48:28,RT @marcformarc: I feel like it‚Äôs been said before but if you can drive past horses without saying ‚Äúhorses‚Äù you‚Äôre a terrifying psychopath
96,Kyee93,0.6,1.0,0.9491224822241839,2018-03-12 17:49:45,RT @yeetztweetz: since we‚Äôre not allowed to say ‚Äúi want to d*e‚Äù on here anymore we gotta start making up our own language. when i say ‚Äúi wa‚Ä¶
295,juliaeberry,0.16818181818181818,0.3,0.9449573802179484,2018-03-12 22:29:14,"RT @fsjukebox: me now: yeah yuz can do whenever he wants I don‚Äôt care, he doesn‚Äôt owe us anything 
live footage of me on August 7, 2018 22:‚Ä¶"
434,cmands,-0.15625,0.34375,0.937518734736591,2018-03-13 02:11:57,"RT @rosalarian: A PSA on the term ‚Äúcis‚Äù

-it is a Latin word that means the opposite of trans
-it doesn‚Äôt mean heterosexual
-it isn‚Äôt an ac‚Ä¶"
37,trevornoahebook,0.0,0.0,0.9340519796704977,2018-03-12 16:14:00,That sounded like she looked in your brother?‚Äù
452,andrewdjang,0.5,0.5,0.9327029738462067,2018-03-13 02:27:21,"I screamed at Siri at the top of my lungs, and she opened a search for ‚ÄúBuddha‚Äù"
94,foxytims,-0.3,0.7333333333333334,0.9289109837367202,2018-03-12 17:46:40,I'm literally ruthless in Kline I smiled at someone and called them a jerk in my head and then felt guilty about it
270,trevornoahebook,0.0,0.0,0.92664811184694,2018-03-12 22:13:59,"Losing the park, he went to make of the host got a lot of the wall, and struggled back to some white person under the police"
451,andrewdjang,0.5,0.5,0.9164009621102788,2018-03-13 02:24:35,I yelled at Siri at the top of my lungs and she opened a search for ‚ÄúBuddha.‚Äù
247,BardCourses,0.45,0.9166666666666666,0.8976238029281545,2018-03-12 21:30:00,"In this seminar will lead into original phrase work, training students to develop their own unique choreographic and performance styles."
113,juliaeberry,0.0,0.0,0.8955297972283074,2018-03-12 18:14:42,"RT @brokeangeI: my life: üíóü¶ãüåªüíïüåπüíñüåºüíã

me: ya i don‚Äôt trust her"
19,cmands,0.0,0.6125,0.8909205073848587,2018-03-12 15:59:14,RT @koshertwink: Since my mom became an empty nester she‚Äôs developed what I can only describe as an emotionally abusive relationship with t‚Ä¶
413,futchaIex,-0.75,0.7833333333333333,0.8876574608760872,2018-03-13 01:56:24,i hate when characters are named josie it throws me off so bad bc thats my family nickname
207,BardCourses,-0.08333333333333334,0.3333333333333333,0.886208474137265,2018-03-12 20:00:00,"We will look at the everyday life to examine the connection between literature, philosophy, social history, and anthropology."
234,akrapf96,0.0,0.0,0.8737377447909122,2018-03-12 21:05:38,Of course You carry Voss water around
502,N04H5G,0.175,0.475,0.8727103458626685,2018-03-13 03:30:00,"three and I miss my friends but I'm so excited for senior year and excited to me: ""Not that long ago you wouldn't be considered white."""
338,BardCourses,0.0,0.25,0.8661682201038531,2018-03-13 00:00:00,The class also delves deeply into the distinction between subjective and objective judgement and the nature of aesthetic perception.
271,juliaeberry,0.0875,0.6875,0.864176838750854,2018-03-12 22:14:40,"it probably doesn't help that I kind of hate her based on past experiences, lol"
359,DiglettJesus,0.41666666666666663,0.5833333333333333,0.8611793247593903,2018-03-13 00:36:30,Still super pissed about Opera Man killing Han Solo. He deserved better.
354,futchaIex,0.06666666666666667,0.16666666666666666,0.8605944412829434,2018-03-13 00:33:28,chyler leigh too straight to properly portray her character as a former softball player
430,futchaIex,0.2,0.2,0.8568874708651576,2018-03-13 02:06:50,i cant believe how much the actresses they got for midvale look like them
91,foxytims,0.25,0.3333333333333333,0.8557615881051276,2018-03-12 17:43:01,"FYSEM prof: he‚Äì
First year: *invokes pseudoscience or quantum mechanics*"
185,BardCourses,0.1,0.3,0.8527409251421155,2018-03-12 19:30:00,The course is a survey of his life and works in the context of the culture and politics of Vienna in the early 19th century.
54,BardCourses,0.0,0.1,0.8506690221578299,2018-03-12 17:00:05,This course fulfills the historiographical implications of his political and rhetorical fortunes.
376,juliaeberry,0.1,0.6,0.8469248761153432,2018-03-13 00:56:30,"RT @goheadgomez: Tessa‚Äôs really out here this week:

Claiming Scott ‚Äòmes gar√ßons‚Äô
Liking and RTing posts from hockey twitter that only tag‚Ä¶"
32,cmands,0.4380952380952381,0.8095238095238096,0.8467796219913131,2018-03-12 16:03:28,RT @imteddybless: it‚Äôs so inspiring when people with large inheritances &amp; parents to pay off their debts manage SOMEHOW to buy their own pl‚Ä¶
112,trevornoahebook,0.6,0.2,0.8462462608873669,2018-03-12 18:14:01,"She smiled and his business as a head point-blank, execution-style."
285,juliaeberry,-0.2916666666666667,0.5416666666666666,0.8449683080079962,2018-03-12 22:21:06,"RT @foswh: Tessa: ‚ÄúIt‚Äôs hard to wrap my head around [why people want to smash our faces together].‚Äù

Also Tessa: ‚Äú... everything we wanted:‚Ä¶"
505,BardCourses,0.16666666666666666,0.3333333333333333,0.8448908098735363,2018-03-13 03:30:05,"In this course, we will also consider how canons are formed and why histories are constructed in particular ways."
503,BardCourses,0.16666666666666666,0.3333333333333333,0.8448908098735363,2018-03-13 03:30:05,"In this course, we will also consider how canons are formed and why histories are constructed in particular ways."
401,BardCourses,0.0,0.0,0.8437456826379229,2018-03-13 01:30:00,It examines the tension between the fleeting idea and the material evidence that we are left with.
363,futchaIex,0.0,0.0,0.8399892190688222,2018-03-13 00:40:17,EVREY DAY EVERY NIGHT FEEL LIKE A FOOL YOU GOTTA KNOW
471,BardCourses,0.15000000000000002,0.475,0.8366340312337166,2018-03-13 03:00:04,This course addresses these questions by engaging the theoretical traditions and larger ethical conflicts underlying these policy questions.
323,BardCourses,0.0,0.05555555555555556,0.830113304371516,2018-03-12 23:30:00,This course is to present a scientific basis for the human body that will aid in the analysis of Leonardo's Last Supper.
222,N04H5G,0.65,0.75,0.8246556825777147,2018-03-12 20:30:00,My adviser is proud of me at the thanksgiving dinner because he thinks he knows more physics than an engineer
381,BardCourses,0.2,0.3,0.8189412318239061,2018-03-13 01:00:00,Alongside and integrated into the modern molecular and genomic understanding of the processes involved in the generation of diversity.
111,futchaIex,0.0,0.0,0.8181520637764584,2018-03-12 18:13:07,he said hello legends when no one else would
237,laurensofar,0.0,0.0,0.8154201266122448,2018-03-12 21:08:36,SHANG FROM MULAN IS PAN AND I WILL NOT BE CONVINCED OTHERWISE
123,laurensofar,-0.8,0.9,0.8136886827279767,2018-03-12 18:30:27,If I use a hashtag in my senior thesis title will Bard hate me forever
27,zoeterhune,0.0,0.0,0.802347534033688,2018-03-12 16:00:13,no amount of money would get me to go to colloq 2nite
6,cmands,0.0,0.0,0.7990204437107006,2018-03-12 15:56:33,RT @333333333433333: my ‚Äútype‚Äù is if a opossum got an mfa
160,BardCourses,0.13214285714285715,0.5,0.7980471123127187,2018-03-12 19:00:00,Toxicity and contamination are generally thought of as pure presence ‚Äì as an object of study.
100,N04H5G,0.0,0.0,0.7951838461565293,2018-03-12 18:00:00,Inuyashiki is rn
459,gothodile,0.13636363636363635,0.45454545454545453,0.7941345163513763,2018-03-13 02:40:50,this new sweatshirt i bought has shoulder holes but if i rearrange it they become boob holes.
46,BardCourses,-0.041666666666666664,0.39166666666666666,0.7939188047022884,2018-03-12 16:30:00,There is a predictable design of organic structures based on the use of carbanions and other modern reactions.
276,akrapf96,0.07499999999999998,0.825,0.7927116059459278,2018-03-12 22:18:31,RT @mineifiwildout: i realized women are far more powerful than men when i saw my gf eat 2 fucking popeyes biscuits in a row without any be‚Ä¶
135,Rated_R_bot,0.0,0.0,0.79075060048988,2018-03-12 18:34:45,Rated R for non-stop sequences of robber barons engaged in ribald smoking. #NameThatMovie
223,BardCourses,0.020833333333333336,0.325,0.7902941474590847,2018-03-12 20:30:00,The first half of the semester will focus on completion of individual research projects related to the core themes of the course.
65,futchaIex,0.2,0.2,0.7886854203335846,2018-03-12 17:26:16,why do lesbians care so much about online polls
184,N04H5G,-0.225,0.675,0.787591842411633,2018-03-12 19:30:00,doing sproj research and apparently in python but don't use pycharm wtf are you doing
7,NoahSegalGould,0.45,0.75,0.7856449831019958,2018-03-12 15:56:59,@zoeterhune I‚Äôm so genuinely jealous of you because that thing is so satisfying
493,akrapf96,0.21468253968253967,0.41190476190476194,0.7855004205319912,2018-03-13 03:22:44,RT @molly7anne: My dad is vacuuming while chewing sunflower seeds and he‚Äôs spitting them out right in front of the vacuum to clean them up‚Ä¶
439,gothodile,0.21468253968253967,0.41190476190476194,0.7855004205319912,2018-03-13 02:13:29,RT @molly7anne: My dad is vacuuming while chewing sunflower seeds and he‚Äôs spitting them out right in front of the vacuum to clean them up‚Ä¶
16,cmands,-0.3125,0.5625,0.7773001553565736,2018-03-12 15:58:35,"RT @TheDejaKing: They were both trying to merge into the same lane, he got mad, pulled out the legal/registered gun sitting in his car and‚Ä¶"
199,juliaeberry,-0.4,0.7,0.7764484705696193,2018-03-12 19:54:06,in the library and suppressing an impulse to frog-walk behind the stacks
230,BardCourses,0.240625,0.428125,0.772622353654299,2018-03-12 21:00:00,"Specifically, students will work on projects relevant to the academic study of religion and to the humanities more broadly."
159,N04H5G,0.029166666666666667,0.4533333333333333,0.7691434768522556,2018-03-12 19:00:00,searching for OBJ models of a toothbrush and only dreading it a little bit more than half the genetic material to produce a human being
390,trevornoahebook,0.0,0.0,0.7640592654354208,2018-03-13 01:14:01,"Then we need to the Rambo knife, the balance our front porch, no one time while the Hillbrow Tower, one of the opportunities"
264,BardCourses,0.0,0.1,0.7594947524931522,2018-03-12 22:00:00,The following issues will be emphasized: the rise of US hegemony in the context of the dramas in which they appear.
25,N04H5G,0.0,0.0,0.7570975613744274,2018-03-12 16:00:00,what do you #HateAmerica?
20,cmands,0.20833333333333334,0.7916666666666667,0.7562440595169044,2018-03-12 15:59:19,RT @adultmomband: Why It's Only Gay When You're Kissing Your Bro If Sufjan Stevens Is Playing
229,N04H5G,0.0,0.0,0.7551889422076726,2018-03-12 21:00:00,play this at my owo then you don't deserve me at my x3
425,N04H5G,0.25,0.3333333333333333,0.7531285718735933,2018-03-13 02:00:00,the first person singular pronoun.
30,cmands,0.0,0.0,0.7521480387995806,2018-03-12 16:03:20,RT @pamnonga: Listening to men talk can be so draining. A lot of them tend to overvestimate the value and/or originality of their insights.‚Ä¶
391,gothodile,0.0,0.0,0.7490307074993569,2018-03-13 01:17:05,Hatsune Miku is a lesbian.
172,trevornoahebook,0.16666666666666666,0.7000000000000001,0.7441305291672994,2018-03-12 19:14:00,"Finally, I had to report to love with fancy, romantic their fathers, the world, just for me, another man."
453,Kyee93,0.0,0.0,0.7405253844359833,2018-03-13 02:27:47,RT @goheadgomez: Tessa and Scott a pair of CANADIAN figure skaters/Olympians are being invited to the Ellen show because they‚Äôre the GOATs‚Ä¶
365,hicallista,0.0,0.0,0.7405253844359833,2018-03-13 00:41:41,RT @goheadgomez: Tessa and Scott a pair of CANADIAN figure skaters/Olympians are being invited to the Ellen show because they‚Äôre the GOATs‚Ä¶
402,fragileflame13,0.0,0.0,0.7405253844359833,2018-03-13 01:41:59,RT @goheadgomez: Tessa and Scott a pair of CANADIAN figure skaters/Olympians are being invited to the Ellen show because they‚Äôre the GOATs‚Ä¶
374,musikxaddict,0.0,0.0,0.7405253844359833,2018-03-13 00:52:24,RT @goheadgomez: Tessa and Scott a pair of CANADIAN figure skaters/Olympians are being invited to the Ellen show because they‚Äôre the GOATs‚Ä¶
362,juliaeberry,0.0,0.0,0.7405253844359833,2018-03-13 00:40:08,RT @goheadgomez: Tessa and Scott a pair of CANADIAN figure skaters/Olympians are being invited to the Ellen show because they‚Äôre the GOATs‚Ä¶
364,xoCaitlynNicole,0.0,0.0,0.7405253844359833,2018-03-13 00:41:21,RT @goheadgomez: Tessa and Scott a pair of CANADIAN figure skaters/Olympians are being invited to the Ellen show because they‚Äôre the GOATs‚Ä¶
255,Rated_R_bot,-0.125,0.375,0.737779874208,2018-03-12 21:34:59,Rated R for cruelty and other opening sequences of retribution in a neo-noir setting. #NameThatFilm
99,BardCourses,0.16666666666666666,0.2333333333333333,0.7366979551285195,2018-03-12 18:00:00,"Our primary sources are literary, political, and culture."
263,N04H5G,0.2857142857142857,0.5357142857142857,0.7327391566048049,2018-03-12 22:00:00,"Y is the dorky guy from the office, right?"
357,Rated_R_bot,0.0,0.4,0.7229817331445995,2018-03-13 00:34:44,"Rated R for some aberrant abuse, harassment, and related cruelty. #NameThatMovie"
286,akrapf96,0.0,0.4,0.7196105797695764,2018-03-12 22:21:36,Currently sharing a moment with four deer as we just hang out by my car. What's up deer dudes
31,zoeterhune,-0.07500000000000001,0.5166666666666666,0.7103517600287417,2018-03-12 16:03:24,RT @dog_rates: This is Charlie. He‚Äôs on his first snow adventure. Got tired immediately and had to be carried the rest of the way. 12/10 di‚Ä¶
312,carsonscabinet,0.15277777777777776,0.6805555555555555,0.7030236126228533,2018-03-12 23:03:25,My sleep schedule is gradually getting better but my body is having a pretty hard time adjusting
380,N04H5G,0.2333333333333333,0.35000000000000003,0.6970882869115664,2018-03-13 01:00:00,a blog is a web comic so if you'll excuse me I need to drop out and beg my parents for more money
322,N04H5G,0.0,0.55,0.6950126256046034,2018-03-12 23:30:00,"computer science professor has posted moodle submission for ""midterm inquiries"" and the only one who actually protects westeros is a eunuch"
350,N04H5G,0.45,0.8500000000000001,0.690520109174135,2018-03-13 00:30:00,How am I becoming
454,N04H5G,0.0,0.0,0.6855906298763046,2018-03-13 02:30:00,Why substitute loneliness of it all done here.
428,gothodile,0.0,0.0,0.6846898722024831,2018-03-13 02:04:14,did Local H create pop punk with Bound For The Floor (dont answer this)
372,futchaIex,0.0,0.0,0.6814737676516979,2018-03-13 00:48:05,I CANT STOP THINKING ABT MB WEARING A SHIRT THAT SAID FEMME
26,BardCourses,0.16666666666666666,0.3333333333333333,0.6751394600685869,2018-03-12 16:00:00,This course is designed particularly for first-year students.
53,N04H5G,0.5,1.0,0.665115206722986,2018-03-12 17:00:00,magic salamander cuddles are elderly but I plan to enslave sentient AI to do that for me until the end.
384,foxytims,0.0,0.0,0.6630896121008693,2018-03-13 01:05:33,Christ
246,N04H5G,0.06666666666666665,0.9296296296296296,0.6600817009264085,2018-03-12 21:30:00,I'm sure I will have a home library featuring all the tumblr blogs I follow thus far has been the unnecessary GIF-ing of EVERYTHING
299,daviswbaer,0.1,0.4,0.6561555532027481,2018-03-12 22:33:41,"RT @rrhoover: TFW Netflix asks, ‚ÄúAre you still watching _____?‚Äù

Wild Sunday night."
8,cmands,0.14285714285714285,0.3011904761904762,0.6517958631796646,2018-03-12 15:57:08,"RT @StormyDaniels: Ummm....you do realize that a vagina is a hole, right? I understand the last one you probably saw belonged to your poor‚Ä¶"
438,juliaeberry,0.25,0.625,0.6484752178484217,2018-03-13 02:13:00,"RT @ladyfriday87: sheer tops may be gui's thing, but scott does it better every time: story of their ""rivalry"".

i may or may not have just‚Ä¶"
426,BardCourses,0.0,0.0,0.642370881348082,2018-03-13 02:00:00,We will also explore the ways in which music communicates with the listener.
420,cmands,0.0,1.0,0.6419657414359048,2018-03-13 01:58:44,RT @sydnayeee: beyonc√© is only taking jay z on tour because he can‚Äôt be trusted home alone for 5 months
14,cmands,0.2333333333333333,0.3666666666666667,0.6398084513338901,2018-03-12 15:57:49,RT @rosettabones: when will boys learn that us having sex isnt about them its about me not being good enough at musical theater
121,N04H5G,0.0,0.0,0.6359089544503016,2018-03-12 18:30:00,But you matter and I plan to watch list
281,akrapf96,-0.1,0.4,0.6340236516005879,2018-03-12 22:20:11,Is snow wet
59,sarahisharsh,0.1875,0.625,0.6269133298080699,2018-03-12 17:12:00,"RT @vineyille: (SNL writers‚Äô room, Saturday, 10:45 pm) Ok ok ok how about Melania says ‚ÄúDonald what is weather today?‚Äù and Trump is like ‚ÄúS‚Ä¶"
510,Rated_R_bot,0.0,0.0,0.6264684128786022,2018-03-13 03:34:33,Rated R for scenes of animated mayhem involving martial arts masters. #NameThatMovie
490,futchaIex,0.0,0.0,0.6214528254148378,2018-03-13 03:19:59,tori and i will do a vlive
488,trevornoahebook,-0.038461538461538464,0.1346153846153846,0.610816365012679,2018-03-13 03:13:59,"Back then, it off, which translates loosely to leave."
224,FragilexDesires,-0.25,1.0,0.6024901119221859,2018-03-12 20:33:32,RT @juliaeberry: an unbelievable moment in the etalk v/m interview was when tessa and scott were considering who they would cast as each ot‚Ä¶
64,bluhoopz,0.0,0.0,0.5992594916615176,2018-03-12 17:22:33,"RT @itgetsbedder: ‚ÄúI cannot begin my day with a confrontation, please. I‚Äôm delivering the dress today and I cannot take up space with confr‚Ä¶"
57,GorillaPimping_,0.16666666666666666,0.5,0.599152653586517,2018-03-12 17:05:34,@MelzOMO Episode 30 &amp; it‚Äôs definitely dope if you have not seen it you should definitely check it out. It‚Äôs gets better each episode to me.
10,cmands,0.45,0.65,0.5954081828762973,2018-03-12 15:57:22,RT @whoisleormiller: ok free speech whatever... you should not be allowed to have a pro trump bumper sticker on your subaru outback
200,gothodile,0.25,0.3333333333333333,0.5887565070047368,2018-03-12 19:54:12,"RT @chuuew: ME: How was your first day?

MY CLONE: A lot of people dislike you"
77,juliaeberry,0.18333333333333335,0.45,0.5821955718315391,2018-03-12 17:38:36,"RT @cutigellie_0628: Scott interviewing Tessa. As per usual his eyes never leaving her. üòç And her cute laugh though. #VirtueMoir 

CTTO htt‚Ä¶"
361,msjennavive,0.09,0.435,0.5767543442161267,2018-03-13 00:39:08,RT @juliaeberry: I feel like ain't no mountain high enough is such an underrated exo.....also tessa loves marvin gaye and you can really se‚Ä¶
98,futchaIex,0.07500000000000001,0.58125,0.5760111648793751,2018-03-12 17:57:23,RT @nopoweradeinusa: [playing fortnite] lol yeah kid U think im a virgin huh? let me put my gf on the mic [same voice 1 octave higher] hell‚Ä¶
68,N04H5G,0.1875,0.425,0.5747820891851917,2018-03-12 17:30:00,starting senior year and excited to do a vr sproj
316,trevornoahebook,0.0,0.0,0.5674505853826872,2018-03-12 23:13:59,I was the container around so it‚Äôs Andrew.‚Äù
181,juliaeberry,0.0,0.75,0.5646221611357655,2018-03-12 19:29:11,"RT @incorrectVM: scott and tessa: hi
ellen: it‚Äôs totally your choice but you should be together"
400,N04H5G,0.0,0.0,0.5596473312486727,2018-03-13 01:30:00,My computer networks for some reason
455,BardCourses,0.0,0.05,0.5546169035145528,2018-03-13 02:30:00,Our twofold aim will be required to engage with the election process outside of the classroom.
69,BardCourses,0.0,0.4,0.5538603231401278,2018-03-12 17:30:00,In addition to reading a number of critical and historical approaches to evaluating its legacy.
269,juliaeberry,0.1,0.2,0.5520490781590224,2018-03-12 22:13:42,"me, immediately after reading the caption of an instagram from an old acquaintance who just got engaged and is gush‚Ä¶ https://t.co/OHmdNC7llT"
206,N04H5G,-0.19999999999999998,0.95,0.5490894740941746,2018-03-12 20:00:00,I've made a huge fan base
287,juliaeberry,0.1675,0.66,0.5474901370523864,2018-03-12 22:21:40,"RT @genna_buck: #VirtueMoir THREAD‚¨áÔ∏è: Tessa Virtue intvu outtakes. 
1-On the ‚Äúexcruciatingly long‚Äù 45 min wait btw warm-up &amp; indiv free dan‚Ä¶"
317,akrapf96,0.21428571428571427,0.5714285714285714,0.542280927784611,2018-03-12 23:15:27,Fortnite 1v18...hmmm this certainly can't end well
432,cmands,0.0,0.0,0.540100708845838,2018-03-13 02:11:38,RT @MrFilmkritik: My five year-old cousin wouldn‚Äôt go to sleep because he wanted to keep looking at the stars and my aunt tried to bribe hi‚Ä¶
12,cmands,0.3416666666666667,0.5958333333333333,0.5325207816107996,2018-03-12 15:57:40,"RT @jpbrammer: that ""do gay teens really need 'Love, Simon?'"" article is funny to me because I'm imagining a world where heterosexual art m‚Ä¶"
346,futchaIex,0.0,0.0,0.5201139027513504,2018-03-13 00:16:02,wexie gwey
351,BardCourses,0.0,0.5,0.514525515082046,2018-03-13 00:30:00,Attendance at various levels.
345,starblasters_,0.0,0.0,0.5140719312144311,2018-03-13 00:13:18,MCELROYS ARE DOING TAZ HERE. SEPTEMBER. MY DREAMS COME TRUUUUUUUUUUUUUUE
297,N04H5G,-0.25,0.75,0.5017172392560503,2018-03-12 22:30:00,I'm too bored to do work and I'm too stressed about sproj to get enough sleep to attend the meeting
383,foxytims,0.0,0.0,0.4926351172086737,2018-03-13 01:05:24,Just signed a lease and I'm officially a tiv boi
233,__tackle,0.08333333333333333,0.125,0.4912497972427742,2018-03-12 21:05:37,"RT @Trillburne: I'm a classical liberal. Yup, I have the exact same beliefs as a prosperous merchant from 1760. I'm here to tell you that m‚Ä¶"
403,jaypatricksmith,0.0,0.0,0.4780351152565504,2018-03-13 01:43:23,"RT @aishlyx: ‚ÄòGirl wanted a ring but got given a teddy bear instead

Girl was angry,throws bear on the road, her bf goes to get it, gets hi‚Ä¶"
447,sarahisharsh,-0.175,0.43333333333333335,0.4775015757270021,2018-03-13 02:16:20,RT @BreeNewsome: Describing Betsy DeVos as incompetent misses the larger reality that her purpose is to undo the civil rights movement as f‚Ä¶
501,jaypatricksmith,0.35,0.65,0.4765914826469744,2018-03-13 03:29:36,RT @scotty_13_: me going out into the real world to get a bf after my twitter mutuals spend months gassing me up convincing me i'm the catc‚Ä¶
178,futchaIex,-0.75,1.0,0.4743439899670814,2018-03-12 19:22:49,"RT @kimbully0819: {TRANS} 180310 - Music Core

#Luda
When Luda were leaving Music and seeing Ujungs holding jungbong, she be like ""Ohh, I h‚Ä¶"
61,trevornoahebook,-0.15555555555555559,0.2888888888888889,0.47231770173865656,2018-03-12 17:14:00,Cape Town for me down.
437,cmands,-0.16666666666666666,0.43333333333333335,0.4663255955635341,2018-03-13 02:12:16,"RT @ShaunKing: She poisoned her Black roommate, rubbed menstrual blood on her bookbag, poured spoiled liquids in her food - then bragged ab‚Ä¶"
257,paul_hembree,0.06666666666666671,0.6166666666666666,0.46373500787804556,2018-03-12 21:39:13,"omg my students made some amazing ambisonic/binaural artificial sound walks this semester, holy cow"
202,gothodile,0.0,0.0,0.4625004634960262,2018-03-12 19:54:42,LRT theres a lex x lex clone fic like that....
139,juliaeberry,0.020833333333333332,0.26666666666666666,0.46151302015190504,2018-03-12 18:39:59,"""in english we would learn the boys' accents"" I don't care if it's a joke; as a lit major, this is a personal attac‚Ä¶ https://t.co/OhEOhF6kj1"
337,N04H5G,0.13636363636363635,0.45454545454545453,0.4583685854134237,2018-03-13 00:00:00,after three days and I have reached new levels of boredom and loneliness.
353,futchaIex,0.1,0.7,0.44808560448749674,2018-03-13 00:32:33,only a straight woman would hold a bat like this https://t.co/KPM1fedNXi
58,jaypatricksmith,0.0,0.5,0.4450997608649142,2018-03-12 17:10:51,"RT @jshgdmn: CONSERVATIVES: Abolish ICE? Sounds like you're calling for open borders.
LIBERALS: Look, no one is saying ""open borders.""
ME:‚Ä¶"
147,juliaeberry,-0.3333333333333333,0.6666666666666666,0.43980540456355943,2018-03-12 18:52:18,"the comparison between tumblr &amp; stan twitter is giving me serious war flashbacks to the mishapocalypse, dashcon, I‚Ä¶ https://t.co/ypVtTGj9tH"
79,juliaeberry,0.14285714285714285,0.26785714285714285,0.437706989377804,2018-03-12 17:39:12,RT @goheadgomez: You‚Äôre NOT attacking me in French right now BITCH I hit ‚Äòtranslate‚Äô and fall to the ground STOP THIS https://t.co/RSrQ0ZeE‚Ä¶
441,cmands,0.0,0.0,0.43197317474494196,2018-03-13 02:14:12,"RT @Drebae_: Pleakley is a legend that paved the way but her time is up. Roger revamped the look, added personality &amp; became an icon. Sis i‚Ä¶"
267,juliaeberry,0.0,0.0,0.42678939304633573,2018-03-12 22:09:16,why is he like this.......scott moir remains hell-bent on ruining my life https://t.co/7Y1Ab55wrD
313,bluhoopz,0.43333333333333335,0.8333333333333334,0.4258514570319218,2018-03-12 23:04:45,hey is G Easy Johnny Knoxville's son?
84,futchaIex,1.0,0.3,0.42475182596974553,2018-03-12 17:41:11,@nevermindmp3 i just yelled at her bc it's not even their best album
248,floraannastacia,0.5,0.5333333333333333,0.42371854596335456,2018-03-12 21:30:31,"RT @Regina_Kenney: When we love, we always strive to become better than we are. When we strive to become better than we are, everything aro‚Ä¶"
36,onlychido,0.5,0.5333333333333333,0.42371854596335456,2018-03-12 16:12:48,"RT @Regina_Kenney: When we love, we always strive to become better than we are. When we strive to become better than we are, everything aro‚Ä¶"
470,N04H5G,0.0,0.0,0.41741625032050794,2018-03-13 03:00:00,IT IS TIME TO SHINE
195,gothodile,0.1,0.2,0.40759325249652795,2018-03-12 19:50:14,RT @lianakey21: The 250 million year old Himalayan salt I bought expires in November 2018
215,trevornoahebook,0.0,0.0,0.404828258879689,2018-03-12 20:13:59,"Alex from the 1974 Mr. Friedman said, ‚ÄòWho are almost died.‚Äù"
216,ChillyWilly1789,-0.2777777777777778,0.34444444444444444,0.39961062051325125,2018-03-12 20:18:31,"RT @extrafabulous: Show idea I just had

a dude with Down syndrome inherits a junkyard. He finds broken stuff and fixes it and sells it to‚Ä¶"
245,paul_hembree,-0.21999999999999997,0.77,0.3963387408721565,2018-03-12 21:29:47,RT @evolvingstuff: Highly recommend this paper for practitioners of / those with an interest in Evolutionary Computation and Artificial Lif‚Ä¶
125,laurensofar,0.0,0.0,0.3952605967037202,2018-03-12 18:31:25,@dancingofpens I‚Äôll come visit
440,cmands,0.10000000000000002,0.23333333333333336,0.38997889156517057,2018-03-13 02:13:56,"RT @frozenblueber: age 15: cant wait to be in my early 20s when my real life will begin‚ú®‚ú®‚ú®
age 23: i havent had a proper meal in weeks and‚Ä¶"
478,angelguzmanbus,0.0,0.06666666666666667,0.38508189937485143,2018-03-13 03:02:02,"RT @johnhall: 397 brands have bought video ads on Snapchat in the last 3 months alone, 73% being from entertainment, #tech and retail (via‚Ä¶"
101,nV0v26FHc4hBrlH,0.0,0.06666666666666667,0.38508189937485143,2018-03-12 18:00:24,"RT @johnhall: 397 brands have bought video ads on Snapchat in the last 3 months alone, 73% being from entertainment, #tech and retail (via‚Ä¶"
378,gadgetfreak9,0.0,0.06666666666666667,0.38508189937485143,2018-03-13 00:56:39,"RT @johnhall: 397 brands have bought video ads on Snapchat in the last 3 months alone, 73% being from entertainment, #tech and retail (via‚Ä¶"
130,TerajitS,0.0,0.06666666666666667,0.38508189937485143,2018-03-12 18:32:59,"RT @johnhall: 397 brands have bought video ads on Snapchat in the last 3 months alone, 73% being from entertainment, #tech and retail (via‚Ä¶"
507,graysonjmorley,-0.0125,0.0625,0.38312993746213303,2018-03-13 03:32:28,"@MorganJerkins Starbucks sells a Flat White, so we‚Äôre halfway to a punchline already"
424,cmands,0.0,0.0,0.3810160057600066,2018-03-13 01:59:09,"RT @pwrfectplaces: before lorde invented ribs, florence invented lungs. together, they formed the respiratory system as we know it."
15,cmands,0.0,0.5,0.375908952436599,2018-03-12 15:57:59,RT @jizzyjtiz: Anna Vaszar just said: ‚ÄúThe thing I do understand about capitalism is that it alienates people enough that they become Jugga‚Ä¶
164,gothodile,0.0,0.0,0.3684971773881327,2018-03-12 19:03:57,RT @FeverFlave: Have you ever been stuffed in a hockey bag and carried around like a pet chihuahua?...I brought treats...Why are you runnin‚Ä¶
497,jaypatricksmith,0.0,0.0,0.3626658882642166,2018-03-13 03:23:56,RT @primfandango: In awe at the size of this lad who awoke one morning from uneasy dreams and found himself transformed in his bed into a m‚Ä¶
467,yoganerdmd,0.0,0.0,0.3626658882642166,2018-03-13 02:49:14,RT @primfandango: In awe at the size of this lad who awoke one morning from uneasy dreams and found himself transformed in his bed into a m‚Ä¶
464,juliaeberry,0.0,0.0,0.3626658882642166,2018-03-13 02:48:18,RT @primfandango: In awe at the size of this lad who awoke one morning from uneasy dreams and found himself transformed in his bed into a m‚Ä¶
444,cmands,0.5,0.8888888888888888,0.3526615416448897,2018-03-13 02:14:58,RT @peaer_: before i check out your music i just wanna make sure we agree on stuff and that i can tolerate your being
377,juliaeberry,0.0,0.0,0.3494231599041489,2018-03-13 00:56:36,"RT @tessasmoir: Tessa Virtue laughing at whatever Scott Moir says, a concept that can save lives"
379,tessaandscott97,0.0,0.0,0.3494231599041489,2018-03-13 00:58:03,"RT @tessasmoir: Tessa Virtue laughing at whatever Scott Moir says, a concept that can save lives"
279,juliaeberry,0.25,0.41666666666666663,0.34666623791297885,2018-03-12 22:20:01,"RT @axelsandwich: i stan this particular 3sec shot of two, two-time world champions at the olympics SP looking commanding, mildly murderous‚Ä¶"
435,futchaIex,0.0,0.0,0.346592773267942,2018-03-13 02:12:02,"""You should put this on your about page: kin with alex danvers but im not an incel in my canon"""
232,fragileflame13,0.0,0.0,0.3435959733438319,2018-03-12 21:02:48,"RT @ladyfriday87: V/M: become international sensations, get booked for Ellen
P/C: go on a european faux ice dancing with the stars where th‚Ä¶"
194,juliaeberry,0.0,0.0,0.3435959733438319,2018-03-12 19:49:32,"RT @ladyfriday87: V/M: become international sensations, get booked for Ellen
P/C: go on a european faux ice dancing with the stars where th‚Ä¶"
494,akrapf96,0.25,0.3333333333333333,0.3335292053240142,2018-03-13 03:22:51,RT @N04H5G: the first person singular pronoun.
18,cmands,-0.125,0.375,0.33243694602852597,2018-03-12 15:59:05,RT @apeachxxx101: Someone I know passed away due to lack of sleep and he was just 23. He just had a migraine and afterwards was found uncon‚Ä¶
445,cmands,0.0,0.0,0.33073678525184425,2018-03-13 02:15:00,"RT @kumailn: Coincidentally, my cat also concluded her investigation into Russian collusion and found no wrongdoing. Her report will be pub‚Ä¶"
161,gothodile,-0.0033333333333333383,0.5,0.32620280072205665,2018-03-12 19:03:15,RT @HenpeckedHal: I'm in pretty decent shape for a dude who was in a serious car accident and spent the last six weeks recovering in a hosp‚Ä¶
197,juliaeberry,-0.25,0.5,0.32575839178596167,2018-03-12 19:51:26,"RT @SICKOFWOLVES: SPRING FORWARD

FALL BACK INTO A TIME IN WHICH LIFE WAS SIMPLER AND THE WORLD CARRIED A FAINT GLOW THAT YOU'VE LOST AND M‚Ä¶"
399,starscreamfire,0.0,0.0,0.3237603220312268,2018-03-13 01:29:22,RT @gothodile: Hatsune Miku is a lesbian.
415,cmands,0.0,0.0,0.3212735201860166,2018-03-13 01:57:32,"RT @cameronesposito: Queer Eye but w/ 5 queer women &amp; nb hosts who replace all ur food w/ cashew milks &amp; cheezes

shave one side of ur head‚Ä¶"
324,lisasimpsonstan,-0.0625,0.75,0.3161688114163871,2018-03-12 23:31:43,"Loling at the time I saw one of my kids' (extremely good-looking AND open) dad on tinder and his bio was just ""come‚Ä¶ https://t.co/cUDzuj9I80"
22,cmands,0.06666666666666667,0.39999999999999997,0.31300253891105334,2018-03-12 15:59:30,"RT @greenIight: dentist: okay open up

me: melodrama never got the recognition it deserved aside from the grammy nomination. it was a maste‚Ä¶"
34,evaanderson33,0.06666666666666667,0.39999999999999997,0.31300253891105334,2018-03-12 16:04:28,"RT @greenIight: dentist: okay open up

me: melodrama never got the recognition it deserved aside from the grammy nomination. it was a maste‚Ä¶"
35,thesoignesoul,0.06666666666666667,0.39999999999999997,0.31300253891105334,2018-03-12 16:04:58,"RT @greenIight: dentist: okay open up

me: melodrama never got the recognition it deserved aside from the grammy nomination. it was a maste‚Ä¶"
473,futchaIex,0.0,0.0,0.31067403174106395,2018-03-13 03:00:54,HELLO LEGENDS
17,cmands,-0.35,0.7,0.3102752267704397,2018-03-12 15:58:40,"RT @sabluvsscience: She's no longer with us, not because she's dead but because she's weird"
97,futchaIex,0.0,0.0,0.3091415353963016,2018-03-12 17:51:12,HAHAHAHAHAHAHAHAHAHAHAHAHAHAHAHAHAHAHAHAHAHAHAHAHAHAHAHAHAHAHAHAHAHAHAHAHAHAHAHAHAHAHAAHAHAHAHAHAHAHAHAHAHAHAHAHAHA‚Ä¶ https://t.co/UxskMgtH2q
418,cmands,0.06666666666666668,0.6166666666666667,0.3073293585576067,2018-03-13 01:58:13,RT @sadqueer4life: me pre-transition: i need to get real with myself and finally begin to seriously and thoughtfully explore my gender iden‚Ä¶
506,jaypatricksmith,0.0,0.0,0.30590736806660573,2018-03-13 03:31:17,RT @jpbrammer: I joined Grindr in 2012 to hook up with frat guys on my college campus and now I publish articles on communism there
433,cmands,0.0625,0.5,0.2998631969840774,2018-03-13 02:11:43,RT @BRANDONWARDELL: Ludwig van Beethoven - lofi chill hip hop beats to study to in D major
340,twelveangrybens,0.0,0.0,0.29501599983474075,2018-03-13 00:04:17,RT @nwalks: I dont want to write but I do want to have written
218,Terrible_Goose,-0.2,0.8,0.2941617981782742,2018-03-12 20:19:30,"@day9tv Move to Arizona, we don't have to deal with that shit"
115,foxytims,0.0,0.0,0.2917282047862084,2018-03-12 18:18:31,RT @NYTMinusContext: genial doom and melancholia
163,juliaeberry,0.0,0.0,0.284286450335653,2018-03-12 19:03:53,"RT @virtuemoirfire: patrice: explain to me how you two got in an accident
tessa: well we were driving and there was a deer on the road and‚Ä¶"
301,akrapf96,0.0,0.0,0.2836659799497932,2018-03-12 22:44:11,Spring Break: a week to catch up on work or a week for a vacation?
446,cmands,0.0,0.0,0.28025399443407617,2018-03-13 02:15:04,RT @dianaaadee: if u ever see my nipples through my shirt just know that i know
436,cmands,0.0,0.1125,0.27657558871670407,2018-03-13 02:12:05,RT @sadqueer4life: i was planning on writing some poems today but i just cried a lot instead which is actually the same thing
320,Weesky2,0.325,0.7083333333333334,0.27463835802450154,2018-03-12 23:21:37,"RT @ProjectShivom: THE FUTURE IS YOUR GENOME! OWN IT
A unique and empowering project, Shivom will enable DNA data donors to collaborate wit‚Ä¶"
80,oliviacoIomars,0.0,0.0,0.27214555379541955,2018-03-12 17:39:28,@futchaIex i passed a road called benoist farms and it made me think of you and then i felt like i had to apologize
421,akrapf96,0.0,0.0,0.26699532124110703,2018-03-13 01:58:55,RT @masturbatelog: Beat my dick like it landed at Tilted Towers
486,juliaeberry,0.26666666666666666,0.25555555555555554,0.26374997463145833,2018-03-13 03:06:33,RT @ladyfriday87: ok so i know i make fun of scott a lot but like...the last time i was on twitter before the olys was when there was a wor‚Ä¶
89,futchaIex,0.0,0.0,0.262677635597079,2018-03-12 17:41:51,"@oliviacoIomars they waved and said ""hewwo"""
280,juliaeberry,-0.07142857142857142,0.21428571428571427,0.259336774042024,2018-03-12 22:20:11,RT @icedancedreams: official petition for tessa &amp; scott to put sbs single axels in their stars on ice exhibition thank u
392,juliaeberry,0.1,0.08333333333333334,0.25904263611554845,2018-03-13 01:24:07,this author knows what the public wants https://t.co/ond9sN3THY
423,cmands,0.0,0.0,0.2568912319127931,2018-03-13 01:59:04,"RT @DennysDiner: never a bridesmaid, never a bride, always a diner."
443,cmands,0.5,0.6,0.24877369336840208,2018-03-13 02:14:52,RT @jakeftmagic: I love the word queer. I love being queer. I love the way the word queer makes me feel. I love the way queer sounds. I lov‚Ä¶
82,futchaIex,0.0,0.0,0.24433095662287188,2018-03-12 17:40:13,kirsty we're listening to it
51,futchaIex,0.0,0.0,0.23966088669149524,2018-03-12 16:41:54,them https://t.co/ZcsAsFwSuw
119,foxytims,-0.625,1.0,0.23265273987721485,2018-03-12 18:21:12,@bluhoopz I'm literally so mad on the inside all the time
385,ShawnRJones1,0.0,0.0,0.23088485680718418,2018-03-13 01:12:00,@graysonjmorley @JadeReginaJones üòÇ
33,zoeterhune,0.0,0.0,0.22783185048501778,2018-03-12 16:04:17,"u ever wanna go up to a professor after class and be like ""hey i started reading this book we're reading in class i‚Ä¶ https://t.co/gU4e9cP1K6"
24,zoeterhune,0.1,0.175,0.2242127062764148,2018-03-12 15:59:52,"stared at a girl wondering why she was eating a ball of yellow yarn (as opposed to a more tasty color, like red or‚Ä¶ https://t.co/CnIAQSEjtr"
460,gothodile,-0.05000000000000001,0.30833333333333335,0.2227196702523332,2018-03-13 02:41:45,Garcia and Morgan from Criminal Minds is exactly the type of relationship im trying to have with my future soulmate
496,jaypatricksmith,0.0,0.3333333333333333,0.21745742559498255,2018-03-13 03:23:25,"RT @stealthygeek: A hand primer to contemporary dog whistles:
-Globalists = Jews
-Deep State = Rule of Law
-Voter Fraud = Black people voti‚Ä¶"
136,juliaeberry,0.0,0.0,0.20917936010858662,2018-03-12 18:37:05,somebody please get a bootl*g of anastasia before derek leaves pleaseeeeeee
325,keithohara,0.25,0.3333333333333333,0.2079897949241071,2018-03-12 23:34:13,@Nicole_Cliffe Pistachios when maggots got to them first.
360,akrapf96,-0.16666666666666666,0.16666666666666666,0.20569743322262357,2018-03-13 00:38:41,@jaypatricksmith Ya but when you got a 60+ page senior project to finish and ur nor even half done u gotta do what u gotta do
456,apple_dea,0.3,0.2,0.20400341030737604,2018-03-13 02:32:46,"RT @graysonjmorley: Let‚Äôs go to a kickboxing class, @JadeReginaJones said. It‚Äôll be fun, she said. (It was. But oof.) #AppleWatch https://t‚Ä¶"
397,watchwidgetsapp,0.3,0.2,0.20400341030737604,2018-03-13 01:27:32,"RT @graysonjmorley: Let‚Äôs go to a kickboxing class, @JadeReginaJones said. It‚Äôll be fun, she said. (It was. But oof.) #AppleWatch https://t‚Ä¶"
406,stfwlkr,0.0,0.0,0.203308498000577,2018-03-13 01:48:25,w i n d y https://t.co/lBI1biU3hm
169,juliaeberry,0.08333333333333333,0.7000000000000001,0.20311829243382934,2018-03-12 19:11:38,"@annacwrites o whoaaaa I forgot about nightblogging--yeah, I'm not surprised it doesn't really exist anymore but wow"
358,jaypatricksmith,-0.625,1.0,0.1949463934164718,2018-03-13 00:35:20,RT @travisdimeer: Beyonc√© was mad as hell at Jay-Z this night üòÇüòÇüòÇ https://t.co/8xzQHE2sgQ
343,juliaeberry,0.1,0.30000000000000004,0.1907448891912991,2018-03-13 00:06:36,"RT @tessavirtue: Our choreographers think we are currently creating show numbers for our upcoming tours ... really, we are just training fo‚Ä¶"
45,N04H5G,-0.5,1.0,0.18900625647568936,2018-03-12 16:30:00,"Thankfully, nothing but now I'm sorry, except if it's you reading this, Laura, because then you deserved it"
396,futchaIex,0.0,0.0,0.17996903620583238,2018-03-13 01:26:48,@threehorrors thats my twitter you bitch
511,futchaIex,0.0,0.0,0.17982021060916745,2018-03-13 03:37:20,RT @TessaThompson_x: PADDINGTON 2 and chill .
144,wjnterfjre,0.0,0.0,0.17433352943520028,2018-03-12 18:46:30,@juliaeberry ikr hdjfj how is learning accents enhancing any sort of education
373,evaanderson33,-0.4,0.6,0.17409283994735436,2018-03-13 00:50:03,RT @reaghanhunt: do men ever shut the fuck up https://t.co/jYXEOsJKXh
394,xoCaitlynNicole,0.0,0.0,0.16634144097962175,2018-03-13 01:25:41,RT @signofariana: i can‚Äôt believe they are going on ellen. our impact https://t.co/kQqRbcX9qs
393,juliaeberry,0.0,0.0,0.16634144097962175,2018-03-13 01:24:11,RT @signofariana: i can‚Äôt believe they are going on ellen. our impact https://t.co/kQqRbcX9qs
422,cmands,0.5,0.5,0.16404968222188174,2018-03-13 01:58:57,RT @PopTartsUS: How many RTs for people to stop asking me this https://t.co/GQW7sNGzVU
487,SuitSatAdrift,0.0,0.0,0.16362200235324248,2018-03-13 03:08:14,@johnhall Are we the ring around the #Anthropocene?
283,futchaIex,0.0,0.0,0.16158037958727495,2018-03-12 22:20:58,üòîüòîüòîüòîüòîüòîüòî https://t.co/LP4WJzW9rN
109,dramallama_x3,-0.2,0.0,0.16075235781589892,2018-03-12 18:08:25,RT @missciv__: yall waste no time huh? üò≠üò≠üò≠ https://t.co/XVoGHzPZ5K
352,jaypatricksmith,0.0,0.0,0.15349297008108218,2018-03-13 00:32:21,@akrapf96 Issa break for a reason boo
349,graysonjmorley,0.3,0.2,0.14911877521007455,2018-03-13 00:29:03,"Let‚Äôs go to a kickboxing class, @JadeReginaJones said. It‚Äôll be fun, she said. (It was. But oof.) #AppleWatch https://t.co/rfxirZmQqG"
11,cmands,0.6,0.9,0.1474626395213518,2018-03-12 15:57:30,@whoisleormiller what kind of lesbian .....
63,juliaeberry,0.0,0.0,0.14109387168288454,2018-03-12 17:19:43,RT @virtuemoiring: ‚ÄúIl se peut que je n‚Äôose pas le faire pour moi meme. Mais je le ferai toujours pour Tessa.‚Äù https://t.co/7aJDNScsjK
9,cmands,-0.033333333333333326,0.4666666666666666,0.1407072111972447,2018-03-12 15:57:14,"RT @rosettabones: sorry, i could hear u over the sound of me owning a french press"
258,carsonscabinet,0.0,0.0,0.13973632220149806,2018-03-12 21:50:59,Get It Together https://t.co/ODcWoWZFns
309,N04H5G,0.16,0.5399999999999999,0.13498864774486402,2018-03-12 23:00:00,Updating to MacOS High Sierra while thinking about this
106,KeyBank_Help,0.8,1.0,0.1322478358297412,2018-03-12 18:05:33,"@junyah54 Raul-I'd like to find out what happened. Let me know, I'd be happy to see how I can help. ^CS"
165,futchaIex,0.2,0.2,0.1318675522572517,2018-03-12 19:04:39,RT @nolanleaks: I really want a show that‚Äôs like Chopped except with A-list filmmakers where Chris Nolan has to make a film with an iPhone‚Ä¶
154,juliaeberry,0.02,0.34,0.13082174290566137,2018-03-12 18:56:36,honestly so much shit happened on tumblr back in the day and I wasn't even there for the early early EARLY days....‚Ä¶ https://t.co/nAFup3N8MV
117,foxytims,0.0,0.1,0.1265402634248026,2018-03-12 18:20:46,@bluhoopz Actually me
419,cmands,0.6,1.0,0.12472019182972677,2018-03-13 01:58:38,"RT @billyeichner: LOOK AT THIS ASSHOLE TWEETING IN ALL CAPS LIKE HE'S ME. I OWN ALL CAPS, BITCH. https://t.co/BFzfmgqgLm"
275,jwalkermobile,0.0,0.5,0.12291629484706072,2018-03-12 22:15:56,"Ultimate Wedge Salad...  herb buttermilk ranch, avocado, parsley-egg salad, double smoked bacon, shaved Parmesan.‚Ä¶ https://t.co/jTJZs95zad"
198,gothodile,-0.6,0.7,0.11879303304069626,2018-03-12 19:53:19,RT @Moi_RaRa: You don't have to be completely fucked up to join Twitter.. We'll train you.
220,AndalusianDoge,0.0,0.0,0.11714897926314351,2018-03-12 20:27:14,"@scottEweinberg Jaws
Raiders
Minority Report"
131,DizzyMissLiz_,0.0,0.0,0.11687210856448996,2018-03-12 18:33:01,RT @Verlenciaaa: When you hear somebody mumble under they breath after an argument https://t.co/q7E82kzC3K
90,juliaeberry,0.0,0.0,0.11687210856448996,2018-03-12 17:41:54,RT @Verlenciaaa: When you hear somebody mumble under they breath after an argument https://t.co/q7E82kzC3K
189,JMHall628,0.5,1.0,0.1160655470977042,2018-03-12 19:37:42,@jwalkermobile Looks like a painting :)
29,zoeterhune,0.0,0.0,0.11593978276418584,2018-03-12 16:02:28,@generatedtext hmm i feel some gayness in this tweet
122,BardCourses,0.0,0.0,0.1155211948451269,2018-03-12 18:30:00,"Augustine, Shakespeare, Goethe, H√∂lderlin, Blake, Wordsworth, Dickinson, Rilke, Kafka, Woolf, and Celan."
347,juliaeberry,0.0,0.0,0.11418738357862614,2018-03-13 00:20:33,RT @scotty_tess: WHAT ABOUT HOW CLOSE THEY WERE STANDING WHEN SHE STARTED FILMING #Virtuemoir #XX https://t.co/54zwP5nwBb
318,akrapf96,0.55,0.55,0.11263134840127892,2018-03-12 23:15:57,Hey @FortniteGame can you please fix the incredible lag when you land after gliding thanks
387,gothodile,-0.5357142857142857,0.6071428571428571,0.1072841039915612,2018-03-13 01:13:01,RT @mrfeelswildride: this is the single worst sentence I've ever read https://t.co/2yMC10xOwb
158,annacwrites,0.1,0.1,0.1058030352557565,2018-03-12 18:58:50,@juliaeberry i wrote my honors thesis on part of this (specifically language stuff cause i‚Äôm in linguistic anthropo‚Ä¶ https://t.co/fAgrcyT9tm
5,zoeterhune,-0.11500000000000003,0.915,0.10393126707470124,2018-03-12 15:56:14,@NoahSegalGould 3d printed me a very cool very addictive fidget toy and i imagine i'm annoying everyone in this dining establishment (kline)
4,itsnemily,0.13636363636363635,0.45454545454545453,0.10369276077862381,2018-03-12 15:55:58,fave new series at polygon dot com https://t.co/tu2ms4D5yX
208,masarkiss,0.0,0.0,0.1002749349460339,2018-03-12 20:01:22,@KeyBank_Help My name is Marie Alexandre 10952
412,futchaIex,0.0,0.0,0.09750291082653767,2018-03-13 01:54:50,@bilIyelliot OHO LDKAFJLDSKFJLDKSFJLAKJEFKLASDMFLKSAJDFSLDKF
236,LiaOffLeash,0.0,0.0,0.09358848866528159,2018-03-12 21:07:57,@st00f_ snarkyjimmy666
342,paul_hembree,0.19999999999999998,0.7,0.09334221174939804,2018-03-13 00:05:57,RT @danozzi: wish i could tell my 13-year-old self that the dead kennedys would one day be stealing my own jokes about them https://t.co/fl‚Ä¶
472,CultureCracker,0.0,0.0,0.0912888404618602,2018-03-13 03:00:16,#whenoutsourcingisntenough https://t.co/OErCo8eXxL
303,MelzOMO,0.012121212121212125,0.6681818181818181,0.09122545572726162,2018-03-12 22:46:53,"Burger King's New Spicy Chicken Sandwich Heaven Love Review
https://t.co/GCLzFk4jwF"
28,CultureCracker,0.0,0.0,0.08952736374403493,2018-03-12 16:01:11,Undead Labs Confirms State of Decay 2 Will Not Feature Microtransactions | COGconnected https://t.co/WjCtkTw9Fw
103,futchaIex,0.0,0.0,0.08897612862540065,2018-03-12 18:02:51,i watched a clip w ava and sara and a guy came on the tv and said ‚Äúhello legends‚Äù and i can‚Äôt stop quoting it
468,futchaIex,0.0,0.0,0.08890450190814389,2018-03-13 02:55:01,lkjkjfldkasjlkfjklsadf https://t.co/MllrKCRbXw
239,trevornoahebook,0.5,0.5,0.08786329240920117,2018-03-12 21:14:08,"Claire Harris. Also, many trees, the dance, slapped some money and there was no minibuses."
278,akrapf96,0.0,0.0,0.08774232748224027,2018-03-12 22:19:47,I hope I drown in Snowstorm part 3
191,suzvergi,0.0,0.1,0.08683127036059937,2018-03-12 19:41:49,@johnhall thank you for following me üôè
429,juliaeberry,-0.6,0.8,0.08603010141310793,2018-03-13 02:06:14,RT @tryna_be_famous: His name isn't fucking Armadillolet https://t.co/K7khdbK0W5
462,Batmegs,-0.6,0.8,0.08603010141310793,2018-03-13 02:44:35,RT @tryna_be_famous: His name isn't fucking Armadillolet https://t.co/K7khdbK0W5
204,masarkiss,0.0,0.0,0.07983688647021342,2018-03-12 19:58:27,@KeyBank_Help I need help
114,CultureCracker,-0.2,0.2,0.07872767982607444,2018-03-12 18:15:10,Bluepoint's next game is another remake https://t.co/09ZR1MZd3B
289,juliaeberry,0.0,0.0,0.07791654946443775,2018-03-12 22:23:17,tessa.......children are trying to sleep here https://t.co/FSkiLBMrjA
266,zoeterhune,0.0,0.0,0.07726312896286218,2018-03-12 22:08:36,@juliaeberry What's a frog walk
209,cleostaryeyed,0.0,0.0,0.07643467627308956,2018-03-12 20:02:25,@st00f_ I am Gertrude and Bartholomew
386,gothodile,0.0,0.0,0.07625658318177787,2018-03-13 01:12:22,https://t.co/PXx2QlfqDK
461,gothodile,0.0,0.0,0.07625658318177787,2018-03-13 02:43:38,https://t.co/SSMobuhejF
2,zoeterhune,0.0,0.0,0.07367904280359623,2018-03-12 15:53:38,i cant believe jlew went back in time to be in this film https://t.co/gN4FqPUnjy
151,andrewdjang,0.4,0.5,0.07124850353887169,2018-03-12 18:54:46,I hope in ten years I will be off meds and happy.
512,futchaIex,0.25,1.0,0.06863847818540916,2018-03-13 03:37:27,@bilIyelliot SHES SO FUNNY
211,__tackle,0.0,0.0,0.06593459880798803,2018-03-12 20:04:01,@sadfilmstudent oh nooo üò™
311,futchaIex,0.6,1.0,0.0655440330836235,2018-03-12 23:00:47,RT @glogangken: confronting your own toxic behavior https://t.co/MJaZ8l1NDq
489,futchaIex,0.5,0.6,0.06410995774933817,2018-03-13 03:16:27,@bilIyelliot i love how this applies to both jessicas &lt;3
86,futchaIex,0.0,0.0,0.06338531382497581,2018-03-12 17:41:29,@nevermindmp3 NO VICTORIA'S SONG SLDKFJLKJFALKJFD
414,cmands,0.0,0.0,0.06206736531608074,2018-03-13 01:56:42,RT @bobvulfov: betsy devos‚Äôs phone before that 60 minutes interview https://t.co/qPSuYfjjEV
294,akrapf96,0.0,0.0,0.06206736531608074,2018-03-12 22:25:03,RT @bobvulfov: betsy devos‚Äôs phone before that 60 minutes interview https://t.co/qPSuYfjjEV
326,keithohara,0.0,0.0,0.060578533834227566,2018-03-12 23:34:18,@Nicole_Cliffe My mom attempted to eat some jellybeans doused in Off!
398,starscreamfire,0.0,0.0,0.05854517882301718,2018-03-13 01:27:57,RT @_gabrielpicolo: Superman üí™üèª‚ú® https://t.co/hBS2MARinT
389,gothodile,0.0,0.0,0.05854517882301718,2018-03-13 01:13:36,RT @_gabrielpicolo: Superman üí™üèª‚ú® https://t.co/hBS2MARinT
328,godtributes,0.0,0.0,0.05783212543956145,2018-03-12 23:34:24,@keithohara PISTACHIOS FOR THE PISTACHIOS THRONE! FLUFFERNUTTERS FOR THE FLUFFERNUTTER FIEND
76,oliviacoIomars,0.5,0.6,0.055660731893672516,2018-03-12 17:38:29,@futchaIex i love u
367,itsnemily,0.0,0.0,0.052582916844700345,2018-03-13 00:42:27,@starblasters_ JELLY
290,akrapf96,0.0,0.0,0.052450434791482474,2018-03-12 22:23:20,Well which is it https://t.co/RTkZuyXRA5
498,akrapf96,0.4,0.7,0.05080425756251712,2018-03-13 03:24:34,RT @str_voyage: A light shower of rain.
508,jaypatricksmith,0.44285714285714284,0.7678571428571428,0.04977995686240256,2018-03-13 03:32:44,RT @CGGuy44: I read this in my head and their accent came right up lmao https://t.co/tBxS64Pwf8
146,juliaeberry,0.6,0.9,0.049262366301562346,2018-03-12 18:51:41,"@wjnterfjre I know this is, fundamentally, a joke, but I honestly can't tell if it was made by a directioner or if‚Ä¶ https://t.co/OzhcoGLrRW"
226,CultureCracker,0.05,1.0,0.04862457598492473,2018-03-12 20:45:09,O_O https://t.co/iBezaaW0zZ
335,gothodile,-0.125,0.375,0.048289507584330475,2018-03-12 23:55:28,i forgot that i have a paper due tomorrow https://t.co/mYzmfDrC5x
369,itsnemily,0.0,0.0,0.047589123000596915,2018-03-13 00:44:15,can't unsee https://t.co/eNsVn0r8zY
463,futchaIex,0.20625,0.775,0.04678934176325917,2018-03-13 02:46:32,@bilIyelliot ok just a warning it's kinda violent kldjfslsfs but it's pretty good!
395,xoCaitlynNicole,0.1,0.08333333333333334,0.04431943656895534,2018-03-13 01:25:46,RT @juliaeberry: this author knows what the public wants https://t.co/ond9sN3THY
500,jaypatricksmith,0.35,0.35,0.042150896232442094,2018-03-13 03:28:53,"RT @_rallycap: Couple suggestions I dunno top of my head. I trust you Ellen.

Is she really going out with him - Joe Jackson

Is this love‚Ä¶"
448,juliaeberry,0.35,0.35,0.042150896232442094,2018-03-13 02:20:10,"RT @_rallycap: Couple suggestions I dunno top of my head. I trust you Ellen.

Is she really going out with him - Joe Jackson

Is this love‚Ä¶"
449,xoCaitlynNicole,0.35,0.35,0.042150896232442094,2018-03-13 02:21:00,"RT @_rallycap: Couple suggestions I dunno top of my head. I trust you Ellen.

Is she really going out with him - Joe Jackson

Is this love‚Ä¶"
315,bluhoopz,0.2,0.30000000000000004,0.04134256935874453,2018-03-12 23:13:00,RT @706Liam: lmfao bro this cannot be real https://t.co/JujMlLHvdS
282,angelosorbello1,0.43333333333333335,0.8333333333333334,0.04107778284421884,2018-03-12 22:20:51,@johnhall Hey! I'm giving away a guide on how to easily use Messenger Marketing and Chatbots to drive your business‚Ä¶ https://t.co/HXV75RDtmD
13,TassinCharles,0.0,0.0625,0.040116845424506775,2018-03-12 15:57:42,"RT @CultureCracker: The case for Universal Basic Income where everyone gets paid ¬£1,000 a month https://t.co/W3LfVUL9Yy"
293,futchaIex,0.0,0.0,0.03814381897483656,2018-03-12 22:24:52,RT @fiImkid: THE WRITERS AT SNL HAVE TRULY LOST IT https://t.co/6sUHKjelsb
95,juliaeberry,0.0,0.1,0.037292838338346214,2018-03-12 17:47:01,RT @kethreydhel: hi i'd like to introduce you to my political ideology https://t.co/lPK3PRhThP
277,akrapf96,0.0,0.1,0.037292838338346214,2018-03-12 22:18:41,RT @kethreydhel: hi i'd like to introduce you to my political ideology https://t.co/lPK3PRhThP
366,itsnemily,0.0,0.0,0.03461123115545614,2018-03-13 00:41:58,@rachelskelterr 100% next time im on!!
171,annacwrites,0.0,0.0,0.0331502746494533,2018-03-12 19:12:53,@juliaeberry it still exists but now everything has been put under the umbrella of shitposting and i date myself ev‚Ä¶ https://t.co/q3SLRBaW9u
182,AmazingGraceToo,0.0,0.0,0.03279219758313352,2018-03-12 19:29:19,RT @johnhall: #MondayMotivation #Leadership https://t.co/DhdXWdaw6Z
509,jahmiaable,-0.16666666666666666,0.16666666666666666,0.03231418860281306,2018-03-13 03:34:20,"RT @jaboukie: i look like logic's half brother, reason https://t.co/z1zDNEO7ug"
442,cmands,-0.16666666666666666,0.16666666666666666,0.03231418860281306,2018-03-13 02:14:30,"RT @jaboukie: i look like logic's half brother, reason https://t.co/z1zDNEO7ug"
175,juliaeberry,0.2,0.25,0.031691407320181164,2018-03-12 19:16:35,RT @tessasmoir: THEY REALLY GONNA BE ON ELLEN IM REAL LIFE SCREAMING https://t.co/qkVmQcSMWs
416,cmands,-0.1,0.3,0.031076239059968286,2018-03-13 01:57:38,RT @nut_butter_baby: truly felt my life flash before my eyes when Julian Casablancas named PORCHES AND ARIEL PINK as victims of/champions a‚Ä¶
170,juliaeberry,0.0,0.0,0.030987146552939458,2018-03-12 19:12:41,RT @marriedfitzsmns: ELLENS GONNA PULL THROUGH https://t.co/ybBf3ZFKy3
495,juliaeberry,0.0,0.0,0.030347906267521728,2018-03-13 03:23:21,RT @bbarr_fan: ROOOOOOOOOOXANNNE https://t.co/lN64LXnfGp
243,startupiacomp,0.0,0.0,0.030134656212150245,2018-03-12 21:29:36,RT @johnhall: #MondayMotivation https://t.co/PpAmxzcmr5
254,entrepreneursa3,0.0,0.0,0.030134656212150245,2018-03-12 21:32:37,RT @johnhall: #MondayMotivation https://t.co/PpAmxzcmr5
127,TerajitS,0.0,0.0,0.030134656212150245,2018-03-12 18:32:44,RT @johnhall: #MondayMotivation https://t.co/PpAmxzcmr5
253,startup__world,0.0,0.0,0.030134656212150245,2018-03-12 21:32:01,RT @johnhall: #MondayMotivation https://t.co/PpAmxzcmr5
307,kami8080801,0.0,0.0,0.030134656212150245,2018-03-12 22:52:28,RT @johnhall: #MondayMotivation https://t.co/PpAmxzcmr5
475,angelguzmanbus,0.0,0.0,0.030134656212150245,2018-03-13 03:01:51,RT @johnhall: #MondayMotivation https://t.co/PpAmxzcmr5
249,johndvss,0.0,0.0,0.030134656212150245,2018-03-12 21:30:48,RT @johnhall: #MondayMotivation https://t.co/PpAmxzcmr5
47,BooBird_HL,0.0,0.0,0.030134656212150245,2018-03-12 16:32:46,RT @johnhall: #MondayMotivation https://t.co/PpAmxzcmr5
244,KarenWr001,0.0,0.0,0.030134656212150245,2018-03-12 21:29:47,RT @johnhall: #MondayMotivation https://t.co/PpAmxzcmr5
149,PraiseCj,0.0,0.0,0.030134656212150245,2018-03-12 18:54:05,RT @johnhall: #MondayMotivation https://t.co/PpAmxzcmr5
298,JoinedHartMovie,0.0,0.0,0.030134656212150245,2018-03-12 22:32:42,RT @johnhall: #MondayMotivation https://t.co/PpAmxzcmr5
48,lizpollard74,0.0,0.0,0.030134656212150245,2018-03-12 16:33:29,RT @johnhall: #MondayMotivation https://t.co/PpAmxzcmr5
49,apps_impact,0.0,0.0,0.030134656212150245,2018-03-12 16:35:03,RT @johnhall: #MondayMotivation https://t.co/PpAmxzcmr5
120,DeSmedtTim,0.0,0.0,0.030134656212150245,2018-03-12 18:24:49,RT @johnhall: #MondayMotivation https://t.co/PpAmxzcmr5
41,holypopson,0.0,0.0,0.030134656212150245,2018-03-12 16:19:40,RT @johnhall: #MondayMotivation https://t.co/PpAmxzcmr5
167,computer_jim,0.0,0.0,0.030134656212150245,2018-03-12 19:05:43,RT @johnhall: #MondayMotivation https://t.co/PpAmxzcmr5
305,SebaGarcia,0.0,0.0,0.030134656212150245,2018-03-12 22:49:41,RT @johnhall: #MondayMotivation https://t.co/PpAmxzcmr5
405,Yogi_ON_Mission,0.0,0.0,0.030134656212150245,2018-03-13 01:43:50,RT @johnhall: #MondayMotivation https://t.co/PpAmxzcmr5
38,gerrinnesmac,0.0,0.0,0.030134656212150245,2018-03-12 16:16:22,RT @johnhall: #MondayMotivation https://t.co/PpAmxzcmr5
242,James___Oliver,0.0,0.0,0.030134656212150245,2018-03-12 21:29:04,RT @johnhall: #MondayMotivation https://t.co/PpAmxzcmr5
39,doan_tu1,0.0,0.0,0.030134656212150245,2018-03-12 16:17:52,RT @johnhall: #MondayMotivation https://t.co/PpAmxzcmr5
241,entrepron,0.0,0.0,0.030134656212150245,2018-03-12 21:28:29,RT @johnhall: #MondayMotivation https://t.co/PpAmxzcmr5
261,ArgyllSeaGlass,0.0,0.0,0.030134656212150245,2018-03-12 21:57:16,RT @johnhall: #MondayMotivation https://t.co/PpAmxzcmr5
56,msM4ee0ZixQ4o6j,0.0,0.0,0.030134656212150245,2018-03-12 17:02:03,RT @johnhall: #MondayMotivation https://t.co/PpAmxzcmr5
370,futchaIex,0.0,0.0,0.029566114855387553,2018-03-13 00:44:44,@bilIyelliot NOVITATE OFFICIAL TRAILER ALSDFKJSALDF
50,futchaIex,0.3333333333333333,0.5833333333333334,0.029330130506148754,2018-03-12 16:41:42,RT @comickergirl: Just ONE of my favorite parts from the most recent #Supergirl episode. https://t.co/rTKrOhhHrL
388,gothodile,0.0,0.0,0.028885331053116577,2018-03-13 01:13:08,RT @ttd_sima: ‰ªï‰∫ã„ÅåÁåõÁÉà„Å´Êöá„ÅßÊó©ÈÄü„ÄÇ https://t.co/7sydr3E1gm
482,sarahisharsh,0.0,0.0,0.028838103638239278,2018-03-13 03:02:18,RT @kateleth: What We Do In The Shadows https://t.co/SV4wmhlPkg
3,coachalvin67,0.0,0.0,0.028241899062893032,2018-03-12 15:55:19,@CultureCracker No!!! Please Lord No...
67,jaypatricksmith,0.25,0.2833333333333333,0.028147690123460342,2018-03-12 17:27:07,"RT @davidmackau: Lesley Stahl: Have the public schools in Michigan gotten better?

[int. Betsy DeVos]: https://t.co/5zPvsGhQsG"
492,akrapf96,0.5,1.0,0.028024039694967872,2018-03-13 03:22:16,"RT @bearrabutt: me, to my date: can i get u something to drink

them: oooo what do u have : ) hehe

me: u kno https://t.co/4Cbi05evp9"
327,godtributes,0.0,0.0,0.02791875644469561,2018-03-12 23:34:19,@keithohara JELLYBEANS FOR THE JELLYBEAN MONOLITH! GUMDROPS FOR THE GUMDROP DANCE
336,gothodile,0.0,0.0,0.027882744308762506,2018-03-12 23:56:32,RT @nocontextcircle: https://t.co/dwYmkAtOky
118,sarahisharsh,0.0,0.0,0.027297502370741373,2018-03-12 18:20:52,RT @jennaaclaire: https://t.co/PsNJRp19il
265,juliaeberry,0.541796875,0.775,0.027240777918481854,2018-03-12 22:07:42,"@conniewchang that's so cool!!! I didn't see the Broadway revival, but I heard he was fantastic"
74,futchaIex,0.0,0.0,0.02707176133423472,2018-03-12 17:37:16,@nevermindmp3 @gothIesbian Never SPeak
235,akrapf96,0.0,0.0,0.026913992110954806,2018-03-12 21:05:42,RT @Veggiefact: https://t.co/Bd2WjMCMFa
183,juliaeberry,0.0,0.0,0.026724206614421916,2018-03-12 19:29:49,RT @softswans: https://t.co/oZmspJndKG
450,Kyee93,0.0,0.0,0.026724206614421916,2018-03-13 02:22:28,RT @softswans: https://t.co/oZmspJndKG
193,santiagosmoaked,0.0,0.0,0.026724206614421916,2018-03-12 19:47:53,RT @softswans: https://t.co/oZmspJndKG
187,AAnakota,0.0,0.0,0.026724206614421916,2018-03-12 19:35:55,RT @softswans: https://t.co/oZmspJndKG
62,jaypatricksmith,0.0,0.0,0.025713013857680538,2018-03-12 17:15:26,RT @Alex_but_online: Why... why did it need fingers https://t.co/pRXZdyU1QT
355,jaypatricksmith,0.4166666666666667,0.5833333333333334,0.02481156073422939,2018-03-13 00:34:18,RT @feistyfrank: can't wait to hear this at every gay club https://t.co/tkYAj3sQoV
177,juliaeberry,0.0,0.0,0.022958413936543146,2018-03-12 19:19:37,RT @INDIEWASHERE: me listening to ultraviolence vs me listening to born to die https://t.co/aZDtejFwXR
274,juliaeberry,0.3,0.5,0.022162213462629168,2018-03-12 22:15:52,"@zoeterhune when u crouch on the floor and kind of waddle
I made up ""frog walk"" but maybe it's actually a duck walk‚Ä¶ https://t.co/nc8uSDbr8v"
431,starscreamfire,0.0,0.0,0.021757827770946623,2018-03-13 02:07:58,RT @AwesomeCon: The stars of #Smallville are coming to #AwesomeCon 2018! Don't miss #TomWelling and @michaelrosenbum Saturday and Sunday of‚Ä¶
427,gothodile,0.0,0.0,0.021757827770946623,2018-03-13 02:02:43,RT @AwesomeCon: The stars of #Smallville are coming to #AwesomeCon 2018! Don't miss #TomWelling and @michaelrosenbum Saturday and Sunday of‚Ä¶
23,cmands,0.0,0.0,0.021466771826945712,2018-03-12 15:59:41,RT @deaddilf69: Hola Mis amores do you wanna see my cucu https://t.co/Vq4P7wiZkG
140,juliaeberry,0.0,0.0,0.021133442845048908,2018-03-12 18:40:28,"RT @kyleauxren: i see stan twitter is entering its ""tumblr university"" stage of maturiry https://t.co/ZskI8exrNZ"
356,jaypatricksmith,0.1,1.0,0.019838832717830178,2018-03-13 00:34:32,"RT @yesthatCarlo: Joe Kennedy III doesn't support decriminalizing weed. 

Kamala Harris defends and supports ICE. 

As far as I'm concerned‚Ä¶"
201,conniewchang,0.0,0.0,0.01963107107770633,2018-03-12 19:54:15,"@juliaeberry GURL. ARE YOU ME BUT YOUNGER? (Sub in Ramin for Derek, but still.)"
457,juliaeberry,0.375,0.75,0.019425400033020294,2018-03-13 02:36:21,RT @goheadgomez: Im excitedly terrified https://t.co/87IlUUxdk5
72,ohmeggz,0.7,0.8,0.01850474397893399,2018-03-12 17:36:04,RT @CultureCracker: 21 Sci-Fi Books You Need To Read If You Loved 'Annihilation' https://t.co/M2Uiauxpd7
491,akrapf96,0.0,0.0,0.018378300373861928,2018-03-13 03:21:33,i disagree https://t.co/zptI0WExYj https://t.co/OfYmsciE7g
78,futchaIex,1.0,0.6,0.01824925725168137,2018-03-12 17:38:48,@oliviacoIomars I LOVE YOU TOO!!!!!!!!!!!!!!!!
375,juliaeberry,0.2,0.5,0.01764299695442524,2018-03-13 00:55:50,RT @TheEllenShow: @tessavirtue Just tell me what music you want. I'm ready.
485,juliaeberry,0.2,0.5,0.01764299695442524,2018-03-13 03:05:46,RT @TheEllenShow: @tessavirtue Just tell me what music you want. I'm ready.
83,oliviacoIomars,0.0,0.8,0.01736616724726904,2018-03-12 17:40:41,@futchaIex IM SORRY!!!!! I LOVE YOU!!!!!!!
180,foolishlycreatv,0.4166666666666667,0.7000000000000001,0.016472409224203986,2018-03-12 19:27:18,@johnhall Thanks for the follow! Stay Foolishly Creative and have a fantastic Monday!
150,futchaIex,0.13636363636363635,0.45454545454545453,0.01626339667269057,2018-03-12 18:54:11,RT @midgetlife2k14: New trick https://t.co/tBpYqJfse2
155,gothodile,0.7,0.8,0.015699483998500217,2018-03-12 18:57:10,RT @chadwickboseman: Loved every minute of this. https://t.co/Elz4RHTmK4
71,futchaIex,0.0,0.0,0.015692088425165847,2018-03-12 17:35:05,@nevermindmp3 @gothIesbian also i never ever got the notif for this
190,independent_zen,0.1875,0.65,0.015606586028189106,2018-03-12 19:38:40,@johnhall Thank you for the follow John. I am interested in many different business elements (especially branding/marketing) that you cover.
499,akrapf96,0.0,0.0,0.01521005122828956,2018-03-13 03:28:47,"RT @SummerRay: Number 1 on my bucket list: to be featured on @WholesomeMeme.

Number 2: To stay in this hotel in Memphis that features a da‚Ä¶"
458,gothodile,0.0,0.0,0.015074180032174995,2018-03-13 02:40:23,@skinnybaras @1paprile a Goth
110,Cunninghamslaw,0.0,0.25,0.015062606042329828,2018-03-12 18:09:44,"@RobinDraastens Ik was recent in Turkij, bij een thuisslachting van een uiterst agressief dier, maar dat werd heel‚Ä¶ https://t.co/0bbwSv1RrF"
314,emmafuchs13,0.0,0.0,0.014335868042868715,2018-03-12 23:06:43,RT @virtuevalois: I YELLED https://t.co/g24BZUQkyZ
196,juliaeberry,0.0,0.0,0.014335868042868715,2018-03-12 19:50:14,RT @virtuevalois: I YELLED https://t.co/g24BZUQkyZ
179,juliaeberry,0.0,0.0,0.014335081312296475,2018-03-12 19:23:11,RT @mileyscully: I CANT BELIEVE VIRTUEMOIR IS GONNA BE ON ELLEN IM FUCKSJN https://t.co/tofLEr8Ln3
192,santiagosmoaked,0.0,0.0,0.014335081312296475,2018-03-12 19:47:36,RT @mileyscully: I CANT BELIEVE VIRTUEMOIR IS GONNA BE ON ELLEN IM FUCKSJN https://t.co/tofLEr8Ln3
256,paul_hembree,0.4,0.65,0.013893389229247143,2018-03-12 21:36:07,@kayfaraday a just intonation mod tracker? sounds amazing.  Any demo yet? Is it a hack of an existing tracker?  Wha‚Ä¶ https://t.co/K53do7C8e4
166,annacwrites,0.09166666666666666,0.4083333333333333,0.012869402653923456,2018-03-12 19:05:17,@juliaeberry a lot of it was on nightblogging (my advisor thought it was cool so a year and a half of work got boil‚Ä¶ https://t.co/rBgQMnuebb
227,Larii_Klazer,0.05,1.0,0.012178790867708136,2018-03-12 20:46:02,RT @CultureCracker: O_O https://t.co/iBezaaW0zZ
81,futchaIex,0.5,0.5,0.012048361358839339,2018-03-12 17:39:45,@oliviacoIomars .............. yeah..... it's ok
483,angelguzmanbus,0.5,0.5333333333333333,0.011315524558634936,2018-03-13 03:02:21,RT @rainforestbook: I get stoked watching some of the world's most brilliant doers in action... https://t.co/WWsBgWcw64
162,juliaeberry,0.2,0.2,0.011070364643671856,2018-03-12 19:03:23,@annacwrites oh really??? that sounds SO interesting....I wonder how the language that was spread in tumblr's heyda‚Ä¶ https://t.co/mg1O7H35Mt
329,Nicole_Cliffe,0.0,0.0,0.010446591715015042,2018-03-12 23:34:34,RT @keithohara: @Nicole_Cliffe My mom attempted to eat some jellybeans doused in Off!
411,four_ofthem,0.0,0.0,0.010304404963736656,2018-03-13 01:52:34,@gothodile @djoats02 I forget they're named but they're from victorious
60,jaypatricksmith,0.3125,0.5,0.009736295792697318,2018-03-12 17:13:40,"RT @SimonMaloy: Jared Kushner, paragon of innovation:
 
--inherited wealth
--married rich
--father-in-law somehow became president
--""loan‚Ä¶"
203,juliaeberry,0.9765625,0.5,0.009198678249464673,2018-03-12 19:57:44,@conniewchang I NEED ONE WITH RAMIN EVEN MORE TBH!!! I searched for one today and found no trace of one so I was ho‚Ä¶ https://t.co/hxGjH0nZAo
0,zoeterhune,0.0,0.0,0.009026045753030107,2018-03-12 15:50:59,RT @OhMyCorgi: hi i'm here to brighten your day https://t.co/M5aE0CeJfe
70,futchaIex,0.0,0.0,0.00885764887222132,2018-03-12 17:34:36,@nevermindmp3 @gothIesbian tori's watching the emoji movie and i Am Not
210,conniewchang,0.75,0.75,0.00839124401460897,2018-03-12 20:02:39,"@juliaeberry I loved Phantom as a kid, but it's a bit too campy for me now. Lol. But Les Mis is and forever will be‚Ä¶ https://t.co/rCYGcrpGeV"
168,MaryPChipman,0.25,0.2,0.008107168817042423,2018-03-12 19:09:31,@CultureCracker Thanks for the follow!
238,creatEDCrayola,0.25,0.2,0.0077637508318827006,2018-03-12 21:10:42,@johnhall thanks for the follow!
133,dancingofpens,-0.1875,0.5,0.007637364058856955,2018-03-12 18:33:16,"@laurensofar It's so farrrr, Lauren. I wish we could pull it a little closer."
145,paul_hembree,0.45,0.55,0.00740457071432264,2018-03-12 18:49:55,@yesnonlocality @mttsrgnt I love me some smooth step
504,love_germany99,0.0,0.0,0.007244073431384345,2018-03-13 03:30:10,RT @jwalkermobile: Absinthe to end the night at Bouchon Vegas https://t.co/ts9F6xvLgt
408,gothodile,0.0,0.0,0.006999864118538595,2018-03-13 01:50:11,@djoats02 @four_ofthem is that Chris Fleming and JoJo....?
272,juliaeberry,0.390625,0.3333333333333333,0.00651096780354452,2018-03-12 22:14:50,RT @theroyaImess: thank you Sam for giving us our first post-Olympics #virtuemoir dance practice footage!! https://t.co/TRxML97X0A
88,yesnonlocality,0.0,0.0,0.006461449000980296,2018-03-12 17:41:44,@paul_hembree @mttsrgnt i updated this to have cosine and cubic interpolation also weee
300,AndalusianDoge,0.0,0.0,0.0063836286854861,2018-03-12 22:36:59,"So the rest of the world is getting Annihilation on @Netflix now. Here's my review:
https://t.co/oQ6EQre6fe"
212,wangfengmin11,0.0,0.0,0.0063393648915947625,2018-03-12 20:05:43,@johnhall @Adweek Ë∞¢Ë∞¢ÔºåÊÇ®ÊòØÁ¨¨‰∏Ä‰∏™ÂÖ≥Ê≥®ÊàëÁöÑË•øÊñπ‰∫∫Â£´ÔºåË∞¢Ë∞¢ÔºÅ
116,bluhoopz,0.0,0.0,0.0061144034409068284,2018-03-12 18:18:36,@foxytims https://t.co/2DmyMRZGUe
382,itsnemily,0.0,0.0,0.005849021782866605,2018-03-13 01:00:55,@darwinquark @LBardugo HECK GABI
291,foswh,0.0,0.0,0.005739738984504623,2018-03-12 22:24:14,@juliaeberry @thatonekimgirl It‚Äôs one of the outtakes from Genna Buck‚Äôs interview. https://t.co/R2pY3rCSKH
339,starblasters_,0.0,0.0,0.005688011005875472,2018-03-13 00:02:32,@NYXL @Arkyjun rasputin
284,juliaeberry,0.0,0.0,0.005558186058437406,2018-03-12 22:21:01,@foswh @thatonekimgirl WHOA what interview is the second part from
148,gothodile,0.6000000000000001,0.9,0.005348258566844905,2018-03-12 18:52:50,RT @FallonTonight: This was amazing. @chadwickboseman surprises #BlackPanther fans while they say what the movie means to them. https://t.c‚Ä¶
186,Dell4Good,0.0,0.0,0.004822960464891567,2018-03-12 19:31:11,RT @johnhall: Women Weigh In On Challenges They Face As Entrepreneurs And Leaders via @forbes https://t.co/FfMagmLCsb #leadership
262,ArgyllSeaGlass,0.0,0.0,0.004822960464891567,2018-03-12 21:57:18,RT @johnhall: Women Weigh In On Challenges They Face As Entrepreneurs And Leaders via @forbes https://t.co/FfMagmLCsb #leadership
124,mybeachmoney,0.0,0.0,0.004822960464891567,2018-03-12 18:30:58,RT @johnhall: Women Weigh In On Challenges They Face As Entrepreneurs And Leaders via @forbes https://t.co/FfMagmLCsb #leadership
128,TerajitS,0.0,0.0,0.004822960464891567,2018-03-12 18:32:49,RT @johnhall: Women Weigh In On Challenges They Face As Entrepreneurs And Leaders via @forbes https://t.co/FfMagmLCsb #leadership
176,LevinsonandCo,0.0,0.0,0.004822960464891567,2018-03-12 19:18:50,RT @johnhall: Women Weigh In On Challenges They Face As Entrepreneurs And Leaders via @forbes https://t.co/FfMagmLCsb #leadership
55,audanico,0.0,0.0,0.004822960464891567,2018-03-12 17:01:30,RT @johnhall: Women Weigh In On Challenges They Face As Entrepreneurs And Leaders via @forbes https://t.co/FfMagmLCsb #leadership
252,johndvss,0.0,0.0,0.004822960464891567,2018-03-12 21:31:17,RT @johnhall: Women Weigh In On Challenges They Face As Entrepreneurs And Leaders via @forbes https://t.co/FfMagmLCsb #leadership
308,kami8080801,0.0,0.0,0.004822960464891567,2018-03-12 22:52:37,RT @johnhall: Women Weigh In On Challenges They Face As Entrepreneurs And Leaders via @forbes https://t.co/FfMagmLCsb #leadership
476,angelguzmanbus,0.0,0.0,0.004822960464891567,2018-03-13 03:01:56,RT @johnhall: Women Weigh In On Challenges They Face As Entrepreneurs And Leaders via @forbes https://t.co/FfMagmLCsb #leadership
153,StickyHandshake,0.09583333333333335,0.43333333333333335,0.004325915481364471,2018-03-12 18:55:52,@johnhall join now for Free in less than 5 minutes to go in the draw for a monthly $100 Visa card! https://t.co/IDLgv6YJTJ
85,futchaIex,0.0,0.0,0.00398264643824251,2018-03-12 17:41:16,@gothIesbian @nevermindmp3 well you should
92,futchaIex,0.0,0.125,0.0038918180424377773,2018-03-12 17:43:04,@nevermindmp3 @gothIesbian we're in the same room
66,jaypatricksmith,0.0,0.0,0.0037005443503857266,2018-03-12 17:26:38,@zoeterhune @generatedtext Purple is the tastiest... But go off...
477,angelguzmanbus,0.15,0.3142857142857143,0.003413948008146183,2018-03-13 03:01:59,RT @Inc: 12 Simple Habits That Will Make Your Professional Life and Personal Life Better @johnhall https://t.co/Vme6PJl1et
129,TerajitS,0.15,0.3142857142857143,0.003413948008146183,2018-03-12 18:32:53,RT @Inc: 12 Simple Habits That Will Make Your Professional Life and Personal Life Better @johnhall https://t.co/Vme6PJl1et
174,ShubhamMarbo,0.15,0.3142857142857143,0.003413948008146183,2018-03-12 19:14:45,RT @Inc: 12 Simple Habits That Will Make Your Professional Life and Personal Life Better @johnhall https://t.co/Vme6PJl1et
240,WPricer,0.15,0.3142857142857143,0.003413948008146183,2018-03-12 21:22:19,RT @Inc: 12 Simple Habits That Will Make Your Professional Life and Personal Life Better @johnhall https://t.co/Vme6PJl1et
251,johndvss,0.15,0.3142857142857143,0.003413948008146183,2018-03-12 21:31:11,RT @Inc: 12 Simple Habits That Will Make Your Professional Life and Personal Life Better @johnhall https://t.co/Vme6PJl1et
288,kayfaraday,0.0,0.0,0.0027766122458938464,2018-03-12 22:21:48,"@paul_hembree IN PROGRESS, @glowcoil is handling coding hehe"
87,oliviacoIomars,0.3,0.2,0.002118683714585712,2018-03-12 17:41:30,@futchaIex anyway i hope u are having fun tell ms tori i said hi
466,skinnybaras,0.0,0.0,0.0019027998116976368,2018-03-13 02:48:31,@gothodile @1paprile THANK YOU
52,daviswbaer,0.478125,0.525,0.001671063850381427,2018-03-12 16:46:49,"RT @mubashariqbal: Great chance to get all your @producthunt and early stage startup questions answered! ""Hi! I'm Ryan Hoover, founder of P‚Ä¶"
302,KeyBank_Help,0.0,0.0,0.0015710471709707058,2018-03-12 22:44:26,"@prosserjohn Hi John, we are here to help and we would like to find out what happened. Please follow and DM your ph‚Ä¶ https://t.co/EdDdpIjlrD"
42,Regina_Kenney,0.14999999999999997,0.7,0.0014950663782952308,2018-03-12 16:20:07,"RT @WellRedPanda: Who, being loved, is poor?

‚Äì Oscar Wilde, 'A Woman of No Importance'

#Theatre #Literature https://t.co/RIWRVynBWz"
40,Regina_Kenney,0.05,0.75,0.0014654083142268857,2018-03-12 16:19:08,"RT @WellRedPanda: Travel far enough, you meet yourself.

‚Äì David Mitchell, 'Cloud Atlas'

#Books #Read https://t.co/83qRlXludt"
481,angelguzmanbus,0.0,1.0,0.0013881620984521927,2018-03-13 03:02:18,"RT @johnhall: Brands Are Finally Embracing #AugmentedReality, but Not Without Speed Bumps (via @Adweek): https://t.co/t5wnisvaeK https://t.‚Ä¶"
126,tales08,0.0,1.0,0.0013881620984521927,2018-03-12 18:31:27,"RT @johnhall: Brands Are Finally Embracing #AugmentedReality, but Not Without Speed Bumps (via @Adweek): https://t.co/t5wnisvaeK https://t.‚Ä¶"
310,BardCourses,0.0,1.0,0.0011461440598985947,2018-03-12 23:00:00,"Writers likely to be encountered include: James, Cather, Wharton, William Faulkner, Shirley Jackson and James Baldwin."
102,johnhall,0.0,0.0,0.0010532971178784489,2018-03-12 18:00:29,"As Gen Zers Become Parents, Here's What Brands Need to Know (via @Adweek): https://t.co/Sqt9gLhr8Q #Infographic https://t.co/LLpqbLbfl3"
296,juliaeberry,0.0,0.0,0.0008929489935744685,2018-03-12 22:29:30,@thatonekimgirl @foswh thank you!
134,jfwag,0.4666666666666666,0.4666666666666666,0.0005499811740724581,2018-03-12 18:34:43,@johnhall Thanks for the follow John and have a marvelous day. Please stop by https://t.co/PoKIWq8fl9 and leave a comment. Thanks.
73,futchaIex,0.0,0.0,0.00048569358907926046,2018-03-12 17:36:19,@nevermindmp3 @gothIesbian  https://t.co/5ZX5wefKDl
43,nandoframirez,0.0,0.0,0.0004683601445909377,2018-03-12 16:26:15,@josephcardenas @valdeztony_ @CDNThe3rd Sameee
292,thatonekimgirl,0.0,0.0,0.0004582582982230775,2018-03-12 22:24:50,@juliaeberry @foswh https://t.co/RNRxQ3x87P
214,AntonioMecca,0.6,0.475,0.00035580806349678654,2018-03-12 20:13:49,"@johnhall thanks for the follow, John &amp; have a great Monday!"
152,williamsgfx,0.6,0.475,0.00035580806349678654,2018-03-12 18:55:10,"@johnhall thanks for the follow, John &amp; have a great Monday!"
219,officiallmmg,0.6,0.475,0.00035580806349678654,2018-03-12 20:20:57,"@johnhall thanks for the follow, John &amp; have a great Monday!"
138,hervesalsa,0.6,0.475,0.00035580806349678654,2018-03-12 18:38:48,"@johnhall thanks for the follow, John &amp; have a great Monday!"
205,LizStapletonESQ,0.39999999999999997,0.43333333333333335,0.0002968217480175762,2018-03-12 19:59:53,"@johnhall thanks for following, John &amp; happy Monday!"
143,EpicResultsBoss,0.8375,0.675,0.00020693816061882886,2018-03-12 18:41:02,"@johnhall,  Good Monday to you! Thank you for the mention. Hope all's great in Missouri. Hope to provide some addit‚Ä¶ https://t.co/nK09qSwqWe"
407,gothodile,0.0,0.0,0.00018689383643284507,2018-03-13 01:49:22,RT @JLAnimated: #Superman #JLReunion @WBHomeEnt @georgenewbern https://t.co/tXLKBSH8HG
410,starscreamfire,0.0,0.0,0.00018689383643284507,2018-03-13 01:52:04,RT @JLAnimated: #Superman #JLReunion @WBHomeEnt @georgenewbern https://t.co/tXLKBSH8HG
409,icybiebsus,0.0,0.0,0.00018689383643284507,2018-03-13 01:51:27,RT @JLAnimated: #Superman #JLReunion @WBHomeEnt @georgenewbern https://t.co/tXLKBSH8HG
157,juliaeberry,0.2,0.2,0.00015293790660713232,2018-03-12 18:58:42,"RT @EdGlavin: Attention Canadian @TheEllenShow fans! With thanks to @Jen_Birmingham &amp; her friend @andylassner, your Canadian skating icons‚Ä¶"
1,RRNetworking,0.26666666666666666,0.7857142857142857,0.0001492247873983279,2018-03-12 15:52:17,RT @johnhall: 3 Simple Steps to Bring Powerful People into Your Network (via @Inc): https://t.co/06CMDB6QVZ #Networking https://t.co/fZHlFM‚Ä¶
107,ramon_arias,0.0,0.0,0.00011973407530704187,2018-03-12 18:05:37,"RT @johnhall: As Gen Zers Become Parents, Here's What Brands Need to Know (via @Adweek): https://t.co/Sqt9gLhr8Q #Infographic https://t.co/‚Ä¶"
104,priyank13052777,0.0,0.0,0.00011973407530704187,2018-03-12 18:03:34,"RT @johnhall: As Gen Zers Become Parents, Here's What Brands Need to Know (via @Adweek): https://t.co/Sqt9gLhr8Q #Infographic https://t.co/‚Ä¶"
105,SREEHARI2001,0.0,0.0,0.00011973407530704187,2018-03-12 18:03:51,"RT @johnhall: As Gen Zers Become Parents, Here's What Brands Need to Know (via @Adweek): https://t.co/Sqt9gLhr8Q #Infographic https://t.co/‚Ä¶"
108,DavidGu16178269,0.0,0.0,0.00011973407530704187,2018-03-12 18:06:04,"RT @johnhall: As Gen Zers Become Parents, Here's What Brands Need to Know (via @Adweek): https://t.co/Sqt9gLhr8Q #Infographic https://t.co/‚Ä¶"
474,angelguzmanbus,0.0,0.0,0.00011973407530704187,2018-03-13 03:01:48,"RT @johnhall: As Gen Zers Become Parents, Here's What Brands Need to Know (via @Adweek): https://t.co/Sqt9gLhr8Q #Infographic https://t.co/‚Ä¶"
306,kami8080801,0.0,0.0,0.00011973407530704187,2018-03-12 22:52:23,"RT @johnhall: As Gen Zers Become Parents, Here's What Brands Need to Know (via @Adweek): https://t.co/Sqt9gLhr8Q #Infographic https://t.co/‚Ä¶"
137,DidiLHayden,0.0,0.0,0.00011973407530704187,2018-03-12 18:37:54,"RT @johnhall: As Gen Zers Become Parents, Here's What Brands Need to Know (via @Adweek): https://t.co/Sqt9gLhr8Q #Infographic https://t.co/‚Ä¶"
173,ShubhamMarbo,0.0,0.0,0.00011973407530704187,2018-03-12 19:14:40,"RT @johnhall: As Gen Zers Become Parents, Here's What Brands Need to Know (via @Adweek): https://t.co/Sqt9gLhr8Q #Infographic https://t.co/‚Ä¶"
273,BooBird_HL,0.0,0.0,0.00011973407530704187,2018-03-12 22:15:50,"RT @johnhall: As Gen Zers Become Parents, Here's What Brands Need to Know (via @Adweek): https://t.co/Sqt9gLhr8Q #Infographic https://t.co/‚Ä¶"
260,ArgyllSeaGlass,0.0,0.0,0.00011973407530704187,2018-03-12 21:57:13,"RT @johnhall: As Gen Zers Become Parents, Here's What Brands Need to Know (via @Adweek): https://t.co/Sqt9gLhr8Q #Infographic https://t.co/‚Ä¶"
259,liamals,0.0,0.0,0.00011973407530704187,2018-03-12 21:55:15,"RT @johnhall: As Gen Zers Become Parents, Here's What Brands Need to Know (via @Adweek): https://t.co/Sqt9gLhr8Q #Infographic https://t.co/‚Ä¶"
250,johndvss,0.0,0.0,0.00011973407530704187,2018-03-12 21:31:02,"RT @johnhall: As Gen Zers Become Parents, Here's What Brands Need to Know (via @Adweek): https://t.co/Sqt9gLhr8Q #Infographic https://t.co/‚Ä¶"
231,Yo_Im__Chris,0.0,0.0,0.00011973407530704187,2018-03-12 21:00:31,"RT @johnhall: As Gen Zers Become Parents, Here's What Brands Need to Know (via @Adweek): https://t.co/Sqt9gLhr8Q #Infographic https://t.co/‚Ä¶"
225,Andrew_Santos7,0.0,0.0,0.00011973407530704187,2018-03-12 20:37:13,"RT @johnhall: As Gen Zers Become Parents, Here's What Brands Need to Know (via @Adweek): https://t.co/Sqt9gLhr8Q #Infographic https://t.co/‚Ä¶"
221,ene3112,0.0,0.0,0.00011973407530704187,2018-03-12 20:29:14,"RT @johnhall: As Gen Zers Become Parents, Here's What Brands Need to Know (via @Adweek): https://t.co/Sqt9gLhr8Q #Infographic https://t.co/‚Ä¶"
321,OjedaSonny,0.0,0.0,0.00011973407530704187,2018-03-12 23:27:35,"RT @johnhall: As Gen Zers Become Parents, Here's What Brands Need to Know (via @Adweek): https://t.co/Sqt9gLhr8Q #Infographic https://t.co/‚Ä¶"
188,MoraMoiloa,0.0,0.0,0.00011973407530704187,2018-03-12 19:36:36,"RT @johnhall: As Gen Zers Become Parents, Here's What Brands Need to Know (via @Adweek): https://t.co/Sqt9gLhr8Q #Infographic https://t.co/‚Ä¶"
217,ayokasystems,0.0,0.0,0.00011973407530704187,2018-03-12 20:18:51,"RT @johnhall: As Gen Zers Become Parents, Here's What Brands Need to Know (via @Adweek): https://t.co/Sqt9gLhr8Q #Infographic https://t.co/‚Ä¶"
156,slapshotstudio,0.0,0.0,0.00011973407530704187,2018-03-12 18:57:32,"RT @johnhall: As Gen Zers Become Parents, Here's What Brands Need to Know (via @Adweek): https://t.co/Sqt9gLhr8Q #Infographic https://t.co/‚Ä¶"
404,DerekEberhardt,0.0,0.0,0.00010311423874662156,2018-03-13 01:43:32,"@KeyBank_Help @prosserjohn Hey, when you help John....which I doubt will happen. Check on my DM you asked me to sen‚Ä¶ https://t.co/axMbuDqNvK"
484,angelguzmanbus,-0.17857142857142858,0.2857142857142857,8.334993888314254e-05,2018-03-13 03:02:25,RT @johnhall: 5 Ways to Bootstrap #SEO When You're on a Tight Budget (via @Entrepreneur): https://t.co/VzViaUG2vN https://t.co/ACclY1OrXF
330,SouperMon,0.0,1.0,8.004197087061967e-05,2018-03-12 23:36:23,"@CultureCracker @TheCavsClub @SouthernRed18 Ray Ban sunglasses 80 anniversary activities,each only $ 21.99.Only one‚Ä¶ https://t.co/p3UmJSGKCZ"
348,BludgerBoy,0.0,1.0,7.81217948467704e-05,2018-03-13 00:22:05,"@CultureCracker @barVol0853 @OrlandoParkStop Ray Ban sunglasses 80 anniversary activities,each only $ 21.99.Only on‚Ä¶ https://t.co/pSEG9RR0yk"
268,triskeleweb,0.0,0.16666666666666666,7.685974234312912e-05,2018-03-12 22:11:11,RT @johnhall: 12 Female #Entrepreneurs You Should Know (via @Entrepreneur): https://t.co/TjXJVBiDL0 https://t.co/zj89K2LfQg
132,TerajitS,0.0,0.16666666666666666,7.685974234312912e-05,2018-03-12 18:33:05,RT @johnhall: 12 Female #Entrepreneurs You Should Know (via @Entrepreneur): https://t.co/TjXJVBiDL0 https://t.co/zj89K2LfQg
480,angelguzmanbus,0.0,0.16666666666666666,7.685974234312912e-05,2018-03-13 03:02:14,RT @johnhall: 12 Female #Entrepreneurs You Should Know (via @Entrepreneur): https://t.co/TjXJVBiDL0 https://t.co/zj89K2LfQg
304,WilliamPeiShih,0.9375000000000001,0.9,7.350811789665086e-05,2018-03-12 22:49:26,@graysonjmorley @PENamerican @bk_review Congrats Grayson! That's amazing!!
228,getclockwise,0.0,0.0,5.332703148064201e-05,2018-03-12 20:55:34,RT @johnhall: How to Master the Art of 'Just Start' (via @Entrepreneur): https://t.co/mCCDHIdBcE #Productivity https://t.co/LiZpfCzhoy
479,angelguzmanbus,0.5,1.0,4.226928225701809e-05,2018-03-13 03:02:07,RT @johnhall: 3 Guidelines for Navigating the Era of Audible #Branding (via @Adweek): https://t.co/clZUI0H703 https://t.co/PqBFmlxZl3
332,WyattAce,0.0,1.0,3.9275496574210976e-05,2018-03-12 23:44:32,"@MelzOMO @FireIsMyWater @AsgardsAngelMG Ray Ban sunglasses 80 anniversary activities,each only $ 21.99.Only one day!https://t.co/cfnRvjlTSN"
331,Mastersoniczach,0.0,1.0,3.8708464376470846e-05,2018-03-12 23:38:03,"@MelzOMO @50djs50states @petroneelakl Ray Ban sunglasses 80 anniversary activities,each only $ 21.99.Only one day!https://t.co/LKsn4N23Cg"
341,Coolgirl131219,0.0,1.0,3.8708464376470846e-05,2018-03-13 00:05:54,"@CultureCracker @FoxxSquad @BlackHalt Ray Ban sunglasses 80 anniversary activities,each only $ 21.99.Only one day!https://t.co/bnZAhOuuxc"
344,EricVirta,0.0,1.0,3.814961828138477e-05,2018-03-13 00:12:35,"@MelzOMO @VincentBuck7 @teamelev8ed Ray Ban sunglasses 80 anniversary activities,each only $ 21.99.Only one day!https://t.co/sPhB8h95Oq"
334,graysonjmorley,0.25,0.2,3.763558328007213e-05,2018-03-12 23:55:16,"@WilliamPeiShih @PENamerican @bk_review Thanks, Will!"
371,ManlyWave1997,0.0,1.0,3.7326440047536395e-05,2018-03-13 00:44:52,"@MelzOMO @TDCxGaming @PoopNooble Ray Ban sunglasses 80 anniversary activities,each only $ 21.99.Only one day!https://t.co/33s6fHq4Mi"
319,joekyoto,0.0,1.0,3.705601341771214e-05,2018-03-12 23:20:37,"@MelzOMO @comidasbr @Javelina_6 Ray Ban sunglasses 80 anniversary activities,each only $ 21.99.Only one day!https://t.co/IUqnrDsPiV"
333,Gage_Rosenthal,0.0,1.0,3.705601341771214e-05,2018-03-12 23:48:38,"@MelzOMO @lauramatsue @EnvoClan Ray Ban sunglasses 80 anniversary activities,each only $ 21.99.Only one day!https://t.co/h9GCcRit41"
368,TheArkaeologist,0.0,1.0,3.705601341771214e-05,2018-03-13 00:42:44,"@MelzOMO @itsJazzyAva @jake165u Ray Ban sunglasses 80 anniversary activities,each only $ 21.99.Only one day!https://t.co/elayl5HwNo"
44,nandoframirez,0.0,0.0,3.701033138917082e-05,2018-03-12 16:26:50,@josephcardenas @valdeztony_ @CDNThe3rd  https://t.co/Irc61rNt9L
75,futchaIex,0.0,0.0,3.6742194853393344e-05,2018-03-12 17:37:45,@rockbelled @nevermindmp3 @gothIesbian  https://t.co/JTJOpeRtBb
213,broker_growth,0.6,0.475,2.9367110157530953e-05,2018-03-12 20:09:19,"@johnhall thanks for the follow, John &amp; have a great Monday! https://t.co/mVhgefqx1j"
469,CultureCracker,0.13636363636363635,0.45454545454545453,2.8867710894926245e-05,2018-03-13 02:55:04,"New 'Ghost Stories' poster | Martin Freeman, Andy Nyman, Paul Whitehouse, Alex Lawther https://t.co/XNr4BQMXEq"
141,gothodile,0.05312500000000001,0.275,2.1298392762059382e-05,2018-03-12 18:40:46,RT @michaelrosenbum: The old fella‚Äôs still got it. Haha. Little penalty shot action. #hotdog @isaiahmustafa @jayharrington3 @RossLynch @Rik‚Ä¶
93,futchaIex,0.0,0.0,1.3184175791297847e-05,2018-03-12 17:43:25,@gothIesbian @threehorrors @rockbelled @nevermindmp3 AS IF ANYONE KNOWS WHO LUCAS IS
417,KaliKeddell123,0.17857142857142858,0.7857142857142857,2.3973805362286784e-06,2018-03-13 01:57:39,"@MelzOMO @YandL_ @Howsweetitis8 @popupsocialny Ray-Ban glasses special events, one-piece for $ 21.99. Only today! https://t.co/tom7My7INR"
142,gothodile,0.0,0.0,2.1964659314804905e-10,2018-03-12 18:41:00,@michaelrosenbum @isaiahmustafa @jayharrington3 @RossLynch @RikerLynch @RockyLynch @RydelLynch @StaciaRR‚Ä¶ https://t.co/SOJdEzc8zS
